name,price_usd,calories,restaurant_name,identifier,sugars_g,cholesterol_mg,protein_g,fiber_g,fat_g,carbohydrates_g,sodium_mg
BURRITO 4,11.0,,LA LA ROLL,"UBEREATS, LOS ANGELES, CA",,,,,,,
SHRIMP TEMPURA ROLL,8.0,,LA LA ROLL,"UBEREATS, LOS ANGELES, CA",,,,,,,
BURRITO 2,12.0,,LA LA ROLL,"UBEREATS, LOS ANGELES, CA",,,,,,,
CALIFORNIA ROLL,8.0,,LA LA ROLL,"UBEREATS, LOS ANGELES, CA",,,,,,,
BURRITO 5,14.0,,LA LA ROLL,"UBEREATS, LOS ANGELES, CA",,,,,,,
SALMON COLLAR SPECIAL,8.0,,LA LA ROLL,"UBEREATS, LOS ANGELES, CA",,,,,,,
EDAMAME,3.0,,LA LA ROLL,"UBEREATS, LOS ANGELES, CA",,,,,,,
GARLIC EDAMAME,4.0,,LA LA ROLL,"UBEREATS, LOS ANGELES, CA",,,,,,,
VEGGIE GYOZA(6PCS),5.0,,LA LA ROLL,"UBEREATS, LOS ANGELES, CA",,,,,,,
CHICKEN KARAAGE,6.0,,LA LA ROLL,"UBEREATS, LOS ANGELES, CA",,,,,,,
CRISPY CHICKEN SKIN,4.0,,LA LA ROLL,"UBEREATS, LOS ANGELES, CA",,,,,,,
YELLOWTAIL COLLAR,7.0,,LA LA ROLL,"UBEREATS, LOS ANGELES, CA",,,,,,,
SALMON COLLAR,7.0,,LA LA ROLL,"UBEREATS, LOS ANGELES, CA",,,,,,,
BURRITO 1,12.0,,LA LA ROLL,"UBEREATS, LOS ANGELES, CA",,,,,,,
BURRITO 3,10.0,,LA LA ROLL,"UBEREATS, LOS ANGELES, CA",,,,,,,
BURRITO 6,12.0,,LA LA ROLL,"UBEREATS, LOS ANGELES, CA",,,,,,,
VEGETABLE ROLL,7.0,,LA LA ROLL,"UBEREATS, LOS ANGELES, CA",,,,,,,
SPICY TUNA ROLL,8.0,,LA LA ROLL,"UBEREATS, LOS ANGELES, CA",,,,,,,
PHILADEPHIA ROLL,8.0,,LA LA ROLL,"UBEREATS, LOS ANGELES, CA",,,,,,,
SALMON AVOCADO ROLL,8.0,,LA LA ROLL,"UBEREATS, LOS ANGELES, CA",,,,,,,
UNAGI ROLL,9.0,,LA LA ROLL,"UBEREATS, LOS ANGELES, CA",,,,,,,
ROYAL CALIFORNIA ROLL,9.0,,LA LA ROLL,"UBEREATS, LOS ANGELES, CA",,,,,,,
BLUE CRAB AVOCADO ROLLS,10.0,,LA LA ROLL,"UBEREATS, LOS ANGELES, CA",,,,,,,
TUNA ROLL 6PCS,8.0,,LA LA ROLL,"UBEREATS, LOS ANGELES, CA",,,,,,,
YELLOWTAIL ROLL 6PCS,8.0,,LA LA ROLL,"UBEREATS, LOS ANGELES, CA",,,,,,,
SALMON ROLL 6CS,8.0,,LA LA ROLL,"UBEREATS, LOS ANGELES, CA",,,,,,,
NEGI HAMACHI ROLL 6PCS,8.0,,LA LA ROLL,"UBEREATS, LOS ANGELES, CA",,,,,,,
NEGI TORO ROLL 6PCS,10.0,,LA LA ROLL,"UBEREATS, LOS ANGELES, CA",,,,,,,
AVOCADO AND CUCUMBER ROLL (VEGAN) ROLL 6PCS,5.0,,LA LA ROLL,"UBEREATS, LOS ANGELES, CA",,,,,,,
SPICY SALMON ROLL 6PCS,8.0,,LA LA ROLL,"UBEREATS, LOS ANGELES, CA",,,,,,,
SPICY TUNA ROLL 6PCS,8.0,,LA LA ROLL,"UBEREATS, LOS ANGELES, CA",,,,,,,
SPICY YELLOWTAIL ROLL 6PCS,8.0,,LA LA ROLL,"UBEREATS, LOS ANGELES, CA",,,,,,,
SALMON BOWL,12.0,,LA LA ROLL,"UBEREATS, LOS ANGELES, CA",,,,,,,
SPICY TUNA BOWL,12.0,,LA LA ROLL,"UBEREATS, LOS ANGELES, CA",,,,,,,
HAWAIIAN STYLE POKE BOWL,12.0,,LA LA ROLL,"UBEREATS, LOS ANGELES, CA",,,,,,,
UNAGI BOWL,13.0,,LA LA ROLL,"UBEREATS, LOS ANGELES, CA",,,,,,,
TUNA BOWL,13.0,,LA LA ROLL,"UBEREATS, LOS ANGELES, CA",,,,,,,
SPIDER ROLL,11.0,,LA LA ROLL,"UBEREATS, LOS ANGELES, CA",,,,,,,
CATERPILLAR,11.0,,LA LA ROLL,"UBEREATS, LOS ANGELES, CA",,,,,,,
TEMPURA CRUNCHY,11.0,,LA LA ROLL,"UBEREATS, LOS ANGELES, CA",,,,,,,
DRAGON ROLL,12.0,,LA LA ROLL,"UBEREATS, LOS ANGELES, CA",,,,,,,
SUPREME SALMON,12.0,,LA LA ROLL,"UBEREATS, LOS ANGELES, CA",,,,,,,
TIGER,13.0,,LA LA ROLL,"UBEREATS, LOS ANGELES, CA",,,,,,,
RAINBOW ROLLS,13.0,,LA LA ROLL,"UBEREATS, LOS ANGELES, CA",,,,,,,
RED DRAGON,13.0,,LA LA ROLL,"UBEREATS, LOS ANGELES, CA",,,,,,,
SPECIAL SPICY TUNA,13.0,,LA LA ROLL,"UBEREATS, LOS ANGELES, CA",,,,,,,
JALAPENO YELLOWTAIL ROLL,13.0,,LA LA ROLL,"UBEREATS, LOS ANGELES, CA",,,,,,,
SWEET TIGER NINJA,13.0,,LA LA ROLL,"UBEREATS, LOS ANGELES, CA",,,,,,,
SALMON LOVER,13.0,,LA LA ROLL,"UBEREATS, LOS ANGELES, CA",,,,,,,
SALMON BAKED ROLL,13.0,,LA LA ROLL,"UBEREATS, LOS ANGELES, CA",,,,,,,
JAPANESE LASAGNA,13.0,,LA LA ROLL,"UBEREATS, LOS ANGELES, CA",,,,,,,
ORANGE BLOSSOM ROLL,15.0,,LA LA ROLL,"UBEREATS, LOS ANGELES, CA",,,,,,,
SPICY MAYO,1.0,,LA LA ROLL,"UBEREATS, LOS ANGELES, CA",,,,,,,
FRESH WASABI,1.0,,LA LA ROLL,"UBEREATS, LOS ANGELES, CA",,,,,,,
SUSHI SAUCE,1.0,,LA LA ROLL,"UBEREATS, LOS ANGELES, CA",,,,,,,
GINGER,1.0,,LA LA ROLL,"UBEREATS, LOS ANGELES, CA",,,,,,,
RICE,3.0,,LA LA ROLL,"UBEREATS, LOS ANGELES, CA",,,,,,,
PORK KATSU,10.0,,LA LA ROLL,"UBEREATS, LOS ANGELES, CA",,,,,,,
GRILLED SALMON,12.0,,LA LA ROLL,"UBEREATS, LOS ANGELES, CA",,,,,,,
GRILLED STEAK,13.0,,LA LA ROLL,"UBEREATS, LOS ANGELES, CA",,,,,,,
CHICKEN TERIYAKI,10.0,,LA LA ROLL,"UBEREATS, LOS ANGELES, CA",,,,,,,
UNAGI,12.0,,LA LA ROLL,"UBEREATS, LOS ANGELES, CA",,,,,,,
CHICKEN TERIYAKI PARTY TRAY,35.0,,LA LA ROLL,"UBEREATS, LOS ANGELES, CA",,,,,,,
PORK KATSU PARTY TRAY,35.0,,LA LA ROLL,"UBEREATS, LOS ANGELES, CA",,,,,,,
CHICKEN KARAGE PARTY TRAY,35.0,,LA LA ROLL,"UBEREATS, LOS ANGELES, CA",,,,,,,
BOTTLED WATER,3.0,,LA LA ROLL,"UBEREATS, LOS ANGELES, CA",,,,,,,
CANNED COKE,3.0,,LA LA ROLL,"UBEREATS, LOS ANGELES, CA",,,,,,,
DIET COKE,3.0,,LA LA ROLL,"UBEREATS, LOS ANGELES, CA",,,,,,,
CANNED SPRITE,3.0,,LA LA ROLL,"UBEREATS, LOS ANGELES, CA",,,,,,,
CANNED GREEN TEA,4.0,,LA LA ROLL,"UBEREATS, LOS ANGELES, CA",,,,,,,
PERRIER,4.0,,LA LA ROLL,"UBEREATS, LOS ANGELES, CA",,,,,,,
KIMINO YUZU SPARKLING JUICE,5.0,,LA LA ROLL,"UBEREATS, LOS ANGELES, CA",,,,,,,
CALIFORNIA ROLL SPICY TUNA ROLL HOUSE SALAD 2 GYOZA,14.0,,LA LA ROLL,"UBEREATS, LOS ANGELES, CA",,,,,,,
AVOCADO ROLL CUCUMBER ROLL HOUSE SALAD 2 GYOZA,14.0,,LA LA ROLL,"UBEREATS, LOS ANGELES, CA",,,,,,,
SPICY TUNA ROLL SHRIMP TEMPURA ROLL HOUSE SALAD 2 GYOZA,15.0,,LA LA ROLL,"UBEREATS, LOS ANGELES, CA",,,,,,,
PHILADELPHIA ROLL CALIFORNIA HOUSE SALAD 2 GYOZA,15.0,,LA LA ROLL,"UBEREATS, LOS ANGELES, CA",,,,,,,
PHILADELPHIA ROLL SPICY TUNA HOUSE SALAD 2 GYOZA,15.0,,LA LA ROLL,"UBEREATS, LOS ANGELES, CA",,,,,,,
PHILADELPHIA SHRIMP TEMPURA ROLL HOUSE SALAD 2 GYOZA,16.0,,LA LA ROLL,"UBEREATS, LOS ANGELES, CA",,,,,,,
SALMON AVOCADO CALIFORNIA ROLL HOUSE SALAD 2 GYOZA,16.0,,LA LA ROLL,"UBEREATS, LOS ANGELES, CA",,,,,,,
SALMON AVOCADO SPICY TUNA HOUSE SALAD 2 GYOZA,16.0,,LA LA ROLL,"UBEREATS, LOS ANGELES, CA",,,,,,,
SALMON AVOCADO SHRIMP TEMPURA HOUSE SALAD 2 GYOZA,16.0,,LA LA ROLL,"UBEREATS, LOS ANGELES, CA",,,,,,,
SALMON AVOCADO PHILADELPHIA ROLL HOUSE SALAD 2 GYOZA,16.0,,LA LA ROLL,"UBEREATS, LOS ANGELES, CA",,,,,,,
CALIFORNIA ROLL SHRIMP TEMPURA ROLL HOUSE SALAD 2 GYOZA,15.0,,LA LA ROLL,"UBEREATS, LOS ANGELES, CA",,,,,,,
