name,price_usd,calories,restaurant_name,identifier,sugars_g,cholesterol_mg,protein_g,fiber_g,fat_g,carbohydrates_g,sodium_mg
CHICKEN CAESAR SALAD,10.35,,TONY'S SUBS & SALADS,"UBEREATS, LOS ANGELES, CA",,,,,,,
CHICKEN BREAST SALAD,10.35,,TONY'S SUBS & SALADS,"UBEREATS, LOS ANGELES, CA",,,,,,,
ANTIPASTO SALAD,10.35,,TONY'S SUBS & SALADS,"UBEREATS, LOS ANGELES, CA",,,,,,,
GREEK SALAD,10.35,,TONY'S SUBS & SALADS,"UBEREATS, LOS ANGELES, CA",,,,,,,
MEXICAN TUNA SALAD,10.35,,TONY'S SUBS & SALADS,"UBEREATS, LOS ANGELES, CA",,,,,,,
TUNA SALAD,10.35,,TONY'S SUBS & SALADS,"UBEREATS, LOS ANGELES, CA",,,,,,,
COLD CUT SALAD,10.35,,TONY'S SUBS & SALADS,"UBEREATS, LOS ANGELES, CA",,,,,,,
TURKEY BREAST SALAD,10.35,,TONY'S SUBS & SALADS,"UBEREATS, LOS ANGELES, CA",,,,,,,
GREEN SALAD,6.9,,TONY'S SUBS & SALADS,"UBEREATS, LOS ANGELES, CA",,,,,,,
TONY'S HOUSE SPECIAL SANDWICH,9.2,,TONY'S SUBS & SALADS,"UBEREATS, LOS ANGELES, CA",,,,,,,
ROASTED TURKEY BREAST SANDWICH,9.2,,TONY'S SUBS & SALADS,"UBEREATS, LOS ANGELES, CA",,,,,,,
HAM & TURKEY SANDWICH,9.2,,TONY'S SUBS & SALADS,"UBEREATS, LOS ANGELES, CA",,,,,,,
HAM & CHEESE SANDWICH,9.2,,TONY'S SUBS & SALADS,"UBEREATS, LOS ANGELES, CA",,,,,,,
SALAMI & CHEESE SANDWICH,9.2,,TONY'S SUBS & SALADS,"UBEREATS, LOS ANGELES, CA",,,,,,,
CAPPICOLLO SANDWICH,9.2,,TONY'S SUBS & SALADS,"UBEREATS, LOS ANGELES, CA",,,,,,,
VEGETARIAN SANDWICH,9.2,,TONY'S SUBS & SALADS,"UBEREATS, LOS ANGELES, CA",,,,,,,
TUNA SANDWICH,9.2,,TONY'S SUBS & SALADS,"UBEREATS, LOS ANGELES, CA",,,,,,,
CHICKEN SALAD SANDWICH,9.2,,TONY'S SUBS & SALADS,"UBEREATS, LOS ANGELES, CA",,,,,,,
TURKEY SALAD SANDWICH,9.2,,TONY'S SUBS & SALADS,"UBEREATS, LOS ANGELES, CA",,,,,,,
PORTADELA SANDWICH,9.2,,TONY'S SUBS & SALADS,"UBEREATS, LOS ANGELES, CA",,,,,,,
MEXICAN TUNA SANDWICH,9.79,,TONY'S SUBS & SALADS,"UBEREATS, LOS ANGELES, CA",,,,,,,
HONEY TURKEY SANDWICH,9.79,,TONY'S SUBS & SALADS,"UBEREATS, LOS ANGELES, CA",,,,,,,
CAJUN TURKEY SANDWICH,9.79,,TONY'S SUBS & SALADS,"UBEREATS, LOS ANGELES, CA",,,,,,,
SANTA FE TURKEY SANDWICH,9.79,,TONY'S SUBS & SALADS,"UBEREATS, LOS ANGELES, CA",,,,,,,
GRILLED CHICKEN BREAST SANDWICH,9.79,,TONY'S SUBS & SALADS,"UBEREATS, LOS ANGELES, CA",,,,,,,
CHICKEN PARMEGGIOANO SANDWICH,9.79,,TONY'S SUBS & SALADS,"UBEREATS, LOS ANGELES, CA",,,,,,,
PROSCIUTTO SANDWICH,9.79,,TONY'S SUBS & SALADS,"UBEREATS, LOS ANGELES, CA",,,,,,,
BLACK FOREST HAM SANDWICH,9.79,,TONY'S SUBS & SALADS,"UBEREATS, LOS ANGELES, CA",,,,,,,
MEATBALL MARINARA SUB,9.2,,TONY'S SUBS & SALADS,"UBEREATS, LOS ANGELES, CA",,,,,,,
SAUSAGE MARINARA SUB,9.2,,TONY'S SUBS & SALADS,"UBEREATS, LOS ANGELES, CA",,,,,,,
PIZZA SUB,8.05,,TONY'S SUBS & SALADS,"UBEREATS, LOS ANGELES, CA",,,,,,,
PIZZA BREAD SUB,8.65,,TONY'S SUBS & SALADS,"UBEREATS, LOS ANGELES, CA",,,,,,,
SAUSAGE WITH PEPPER SUB,9.79,,TONY'S SUBS & SALADS,"UBEREATS, LOS ANGELES, CA",,,,,,,
PASTRAMI SUB,11.25,,TONY'S SUBS & SALADS,"UBEREATS, LOS ANGELES, CA",,,,,,,
LASAGNA WITH TWO MEATBALLS,12.65,,TONY'S SUBS & SALADS,"UBEREATS, LOS ANGELES, CA",,,,,,,
SPAGUETTI WITH TOW MEATBALLS,11.5,,TONY'S SUBS & SALADS,"UBEREATS, LOS ANGELES, CA",,,,,,,
PIZZA BREAD & SALAD,9.2,,TONY'S SUBS & SALADS,"UBEREATS, LOS ANGELES, CA",,,,,,,
SOUP & 1/2 SANDWICH,9.79,,TONY'S SUBS & SALADS,"UBEREATS, LOS ANGELES, CA",,,,,,,
HOMEMADE CHICKEN NOODLE SOUP,4.6,,TONY'S SUBS & SALADS,"UBEREATS, LOS ANGELES, CA",,,,,,,
HOMEMADE MINESTRONE SOUP,4.6,,TONY'S SUBS & SALADS,"UBEREATS, LOS ANGELES, CA",,,,,,,
GARLIC BREAD,1.45,,TONY'S SUBS & SALADS,"UBEREATS, LOS ANGELES, CA",,,,,,,
REGULAR MEATS SANDWICH,10.95,,TONY'S SUBS & SALADS,"UBEREATS, LOS ANGELES, CA",,,,,,,
PREMIUM MEAT SANDWICH,11.49,,TONY'S SUBS & SALADS,"UBEREATS, LOS ANGELES, CA",,,,,,,
POTATO SALAD,2.05,,TONY'S SUBS & SALADS,"UBEREATS, LOS ANGELES, CA",,,,,,,
MACARONI SALAD,2.05,,TONY'S SUBS & SALADS,"UBEREATS, LOS ANGELES, CA",,,,,,,
COLESLAW,2.05,,TONY'S SUBS & SALADS,"UBEREATS, LOS ANGELES, CA",,,,,,,
PASTA SALAD,2.05,,TONY'S SUBS & SALADS,"UBEREATS, LOS ANGELES, CA",,,,,,,
VEGGIE PASTA WITH GARLIC,2.05,,TONY'S SUBS & SALADS,"UBEREATS, LOS ANGELES, CA",,,,,,,
MARINATED MUSHROOMS,2.89,,TONY'S SUBS & SALADS,"UBEREATS, LOS ANGELES, CA",,,,,,,
MARINATED ARTICHOKE HEART,2.89,,TONY'S SUBS & SALADS,"UBEREATS, LOS ANGELES, CA",,,,,,,
MARINATED GREEN OLIVES,2.89,,TONY'S SUBS & SALADS,"UBEREATS, LOS ANGELES, CA",,,,,,,
SUN DRIED TOMATOES,2.89,,TONY'S SUBS & SALADS,"UBEREATS, LOS ANGELES, CA",,,,,,,
DELI DILL PICKLES,1.45,,TONY'S SUBS & SALADS,"UBEREATS, LOS ANGELES, CA",,,,,,,
DINNER SALAD,3.45,,TONY'S SUBS & SALADS,"UBEREATS, LOS ANGELES, CA",,,,,,,
BAG OF CHIPS,2.19,,TONY'S SUBS & SALADS,"UBEREATS, LOS ANGELES, CA",,,,,,,
