name,price_usd,calories,restaurant_name,identifier,sugars_g,cholesterol_mg,protein_g,fiber_g,fat_g,carbohydrates_g,sodium_mg
9 SWEET MILK CHOCOLATE CAKE (밀크쵸코렛케이크),47.0,,TOUS LES JOURS BAKERY & CAFE,"UBEREATS, LOS ANGELES, CA",,,,,,,
7 CHOCOLATE PARTY BEAR CAKE 곰돌이쵸코버터케잌,42.0,,TOUS LES JOURS BAKERY & CAFE,"UBEREATS, LOS ANGELES, CA",,,,,,,
6 CONFETTI CAKE,38.0,,TOUS LES JOURS BAKERY & CAFE,"UBEREATS, LOS ANGELES, CA",,,,,,,
6 RED VELVET CREAM CAKE,34.0,,TOUS LES JOURS BAKERY & CAFE,"UBEREATS, LOS ANGELES, CA",,,,,,,
8 LARGE BLUEBERRY FRESH YOGURT CREAM CAKE 프레쉬요거트케잌,47.0,,TOUS LES JOURS BAKERY & CAFE,"UBEREATS, LOS ANGELES, CA",,,,,,,
7 PEACH BUTTER CAKE 피치버터크림케잌,35.0,,TOUS LES JOURS BAKERY & CAFE,"UBEREATS, LOS ANGELES, CA",,,,,,,
8 CARAMEL MOCHA BUTTER CREAM CAKE 캬라멜모카케잌,45.0,,TOUS LES JOURS BAKERY & CAFE,"UBEREATS, LOS ANGELES, CA",,,,,,,
7 STRAWBERRY FANTASY BUTTER CREAM CAKE 스트로베리판타지딸기버터케잌,45.0,,TOUS LES JOURS BAKERY & CAFE,"UBEREATS, LOS ANGELES, CA",,,,,,,
7 HEART CHOCOLATE CAKE 하트버터케잌,36.0,,TOUS LES JOURS BAKERY & CAFE,"UBEREATS, LOS ANGELES, CA",,,,,,,
6 PINK PIGGY CAKE 피기버터케잌,39.0,,TOUS LES JOURS BAKERY & CAFE,"UBEREATS, LOS ANGELES, CA",,,,,,,
6 VANILLA CHOCOLATE HEART MOUSSE CAKE 바닐라쵸코3단무스케잌,34.0,,TOUS LES JOURS BAKERY & CAFE,"UBEREATS, LOS ANGELES, CA",,,,,,,
8 LARGE GANACHE CHOCOLATE CAKE 가나쉬쵸코렛케잌,45.0,,TOUS LES JOURS BAKERY & CAFE,"UBEREATS, LOS ANGELES, CA",,,,,,,
8 FRESH CREAM CLOUD CAKE,47.0,,TOUS LES JOURS BAKERY & CAFE,"UBEREATS, LOS ANGELES, CA",,,,,,,
7 FRESH CREAM CLOUD CAKE,41.0,,TOUS LES JOURS BAKERY & CAFE,"UBEREATS, LOS ANGELES, CA",,,,,,,
6 FRESH CREAM CLOUD CAKE,36.0,,TOUS LES JOURS BAKERY & CAFE,"UBEREATS, LOS ANGELES, CA",,,,,,,
7 FRESH YOGURT CAKE,41.0,,TOUS LES JOURS BAKERY & CAFE,"UBEREATS, LOS ANGELES, CA",,,,,,,
6 FRESH YOGURT CAKE,36.0,,TOUS LES JOURS BAKERY & CAFE,"UBEREATS, LOS ANGELES, CA",,,,,,,
7 CHOCOLATE GATEAU CAKE,36.0,,TOUS LES JOURS BAKERY & CAFE,"UBEREATS, LOS ANGELES, CA",,,,,,,
6 CANACHE CHOCOLATE MOUSSE CAKE,34.0,,TOUS LES JOURS BAKERY & CAFE,"UBEREATS, LOS ANGELES, CA",,,,,,,
6 CHOCOLATE TRIPLE MOUSSE CAKE,34.0,,TOUS LES JOURS BAKERY & CAFE,"UBEREATS, LOS ANGELES, CA",,,,,,,
6 SWEET POTATO CAKE,34.0,,TOUS LES JOURS BAKERY & CAFE,"UBEREATS, LOS ANGELES, CA",,,,,,,
7 TIRAMISU CAKE,39.0,,TOUS LES JOURS BAKERY & CAFE,"UBEREATS, LOS ANGELES, CA",,,,,,,
7 BAKED CHEESE CAKE,35.0,,TOUS LES JOURS BAKERY & CAFE,"UBEREATS, LOS ANGELES, CA",,,,,,,
TIRAMISU SPOONABLE CAKE (티라미수케잌),8.0,,TOUS LES JOURS BAKERY & CAFE,"UBEREATS, LOS ANGELES, CA",,,,,,,
BLUEBERRY YOGURT SLICED CAKE (블루베리요거트슬라이스케잌),8.0,,TOUS LES JOURS BAKERY & CAFE,"UBEREATS, LOS ANGELES, CA",,,,,,,
BAKED CHEESE SLICED CAKE (베이크치즈케잌슬라이스),7.0,,TOUS LES JOURS BAKERY & CAFE,"UBEREATS, LOS ANGELES, CA",,,,,,,
MINI MOCHA CAKE,3.25,,TOUS LES JOURS BAKERY & CAFE,"UBEREATS, LOS ANGELES, CA",,,,,,,
STRAWBERRY CHEESE SPOONABLE CAKE (스트로베리치즈케잌),8.0,,TOUS LES JOURS BAKERY & CAFE,"UBEREATS, LOS ANGELES, CA",,,,,,,
GANACHE CHOCO MOUSSE SLICED CAKE (가나쉬무스슬라이스케잌),8.0,,TOUS LES JOURS BAKERY & CAFE,"UBEREATS, LOS ANGELES, CA",,,,,,,
MINI CHEESE CAKE,3.25,,TOUS LES JOURS BAKERY & CAFE,"UBEREATS, LOS ANGELES, CA",,,,,,,
SPOONABLE CHOCOLATE CAKE,8.0,,TOUS LES JOURS BAKERY & CAFE,"UBEREATS, LOS ANGELES, CA",,,,,,,
FRESH CREAM SLICED CAKE,7.0,,TOUS LES JOURS BAKERY & CAFE,"UBEREATS, LOS ANGELES, CA",,,,,,,
WHOLE CRANBERRY-WALNUT CHICKEN SALAD SANDWICH 크랜베리치킨샌드위치,8.5,,TOUS LES JOURS BAKERY & CAFE,"UBEREATS, LOS ANGELES, CA",,,,,,,
HAM AND CHEESE CROISSANT SANDWICH 햄치즈크로와상샌드위치,5.5,,TOUS LES JOURS BAKERY & CAFE,"UBEREATS, LOS ANGELES, CA",,,,,,,
WHOLE EGG SALAD SANDWICH 계란샌드위치,7.0,,TOUS LES JOURS BAKERY & CAFE,"UBEREATS, LOS ANGELES, CA",,,,,,,
ORIGINAL CASTELLA,20.0,,TOUS LES JOURS BAKERY & CAFE,"UBEREATS, LOS ANGELES, CA",,,,,,,
CHOCOLATE CHIP COOKIE IN BOX,5.5,,TOUS LES JOURS BAKERY & CAFE,"UBEREATS, LOS ANGELES, CA",,,,,,,
CHOCOLATE MACARONS (3 PCS),10.0,,TOUS LES JOURS BAKERY & CAFE,"UBEREATS, LOS ANGELES, CA",,,,,,,
LEMON MACARONS (3 PCS),10.0,,TOUS LES JOURS BAKERY & CAFE,"UBEREATS, LOS ANGELES, CA",,,,,,,
RED VELVET MACARONS (3 PCS),10.0,,TOUS LES JOURS BAKERY & CAFE,"UBEREATS, LOS ANGELES, CA",,,,,,,
VANILLA MACARONS (3 PCS),10.0,,TOUS LES JOURS BAKERY & CAFE,"UBEREATS, LOS ANGELES, CA",,,,,,,
GREEN TEA MACARONS (3 PCS),10.0,,TOUS LES JOURS BAKERY & CAFE,"UBEREATS, LOS ANGELES, CA",,,,,,,
SALTED CARAMEL MACARONS (3 PCS),10.0,,TOUS LES JOURS BAKERY & CAFE,"UBEREATS, LOS ANGELES, CA",,,,,,,
ORANGE TRUFFLE MACARONS (3 PCS),10.0,,TOUS LES JOURS BAKERY & CAFE,"UBEREATS, LOS ANGELES, CA",,,,,,,
BLUEBERRY LAVENDER MACARON (3 PCS),10.0,,TOUS LES JOURS BAKERY & CAFE,"UBEREATS, LOS ANGELES, CA",,,,,,,
PISTACHIO MACARONS (3 PCS),10.0,,TOUS LES JOURS BAKERY & CAFE,"UBEREATS, LOS ANGELES, CA",,,,,,,
ROSE MACARONS (3 PCS),10.0,,TOUS LES JOURS BAKERY & CAFE,"UBEREATS, LOS ANGELES, CA",,,,,,,
EARL GREY MACARONS (3 PCS),10.0,,TOUS LES JOURS BAKERY & CAFE,"UBEREATS, LOS ANGELES, CA",,,,,,,
COFFEE MACARONS (3 PCS),10.0,,TOUS LES JOURS BAKERY & CAFE,"UBEREATS, LOS ANGELES, CA",,,,,,,
HAZELNUT BRITTLE MACARONS (3 PCS),10.0,,TOUS LES JOURS BAKERY & CAFE,"UBEREATS, LOS ANGELES, CA",,,,,,,
COOKIE AND CREAM MACARONS (3 PCS),10.0,,TOUS LES JOURS BAKERY & CAFE,"UBEREATS, LOS ANGELES, CA",,,,,,,
RASPBERRY MACARONS (3 PCS),10.0,,TOUS LES JOURS BAKERY & CAFE,"UBEREATS, LOS ANGELES, CA",,,,,,,
ALL NATURAL JAM,9.0,,TOUS LES JOURS BAKERY & CAFE,"UBEREATS, LOS ANGELES, CA",,,,,,,
ALL NATURAL JAM STRAWBERRY,9.0,,TOUS LES JOURS BAKERY & CAFE,"UBEREATS, LOS ANGELES, CA",,,,,,,
ALL NATURAL JAM BLUEBERRY,9.0,,TOUS LES JOURS BAKERY & CAFE,"UBEREATS, LOS ANGELES, CA",,,,,,,
WHOLE MILK PAN BREAD,8.5,,TOUS LES JOURS BAKERY & CAFE,"UBEREATS, LOS ANGELES, CA",,,,,,,
WHIPPED CREAM PAN BREAD,8.0,,TOUS LES JOURS BAKERY & CAFE,"UBEREATS, LOS ANGELES, CA",,,,,,,
WHOLE WHEAT PAN BREAD,8.0,,TOUS LES JOURS BAKERY & CAFE,"UBEREATS, LOS ANGELES, CA",,,,,,,
RAISIN PAN BREAD,8.0,,TOUS LES JOURS BAKERY & CAFE,"UBEREATS, LOS ANGELES, CA",,,,,,,
MULTI GRAIN PAN BREAD,8.5,,TOUS LES JOURS BAKERY & CAFE,"UBEREATS, LOS ANGELES, CA",,,,,,,
TOAST PAN BREAD (SANDWICH BREAD),8.0,,TOUS LES JOURS BAKERY & CAFE,"UBEREATS, LOS ANGELES, CA",,,,,,,
HOT HOUSE COFFEE,3.0,,TOUS LES JOURS BAKERY & CAFE,"UBEREATS, LOS ANGELES, CA",,,,,,,
ICED HOUSE COFFEE,3.75,,TOUS LES JOURS BAKERY & CAFE,"UBEREATS, LOS ANGELES, CA",,,,,,,
HOT CAFE LATTE,4.5,,TOUS LES JOURS BAKERY & CAFE,"UBEREATS, LOS ANGELES, CA",,,,,,,
VANILLA LATTE,4.75,,TOUS LES JOURS BAKERY & CAFE,"UBEREATS, LOS ANGELES, CA",,,,,,,
HOT CAFE MOCHA,4.75,,TOUS LES JOURS BAKERY & CAFE,"UBEREATS, LOS ANGELES, CA",,,,,,,
ICED AMERICANO,4.0,,TOUS LES JOURS BAKERY & CAFE,"UBEREATS, LOS ANGELES, CA",,,,,,,
ICED CAFE LATTE,5.0,,TOUS LES JOURS BAKERY & CAFE,"UBEREATS, LOS ANGELES, CA",,,,,,,
SOY LATTE,4.75,,TOUS LES JOURS BAKERY & CAFE,"UBEREATS, LOS ANGELES, CA",,,,,,,
ICED VANILLA LATTE,5.25,,TOUS LES JOURS BAKERY & CAFE,"UBEREATS, LOS ANGELES, CA",,,,,,,
ICED SOY LATTE,5.25,,TOUS LES JOURS BAKERY & CAFE,"UBEREATS, LOS ANGELES, CA",,,,,,,
ICED CAFE MOCHA,5.25,,TOUS LES JOURS BAKERY & CAFE,"UBEREATS, LOS ANGELES, CA",,,,,,,
LAVENDER LATTE,4.75,,TOUS LES JOURS BAKERY & CAFE,"UBEREATS, LOS ANGELES, CA",,,,,,,
HOUSE COFFEE IN TRAVELER CONTAINER,20.0,,TOUS LES JOURS BAKERY & CAFE,"UBEREATS, LOS ANGELES, CA",,,,,,,
HOT AMERICANO,3.5,,TOUS LES JOURS BAKERY & CAFE,"UBEREATS, LOS ANGELES, CA",,,,,,,
ICED LAVENDER LATTE,5.25,,TOUS LES JOURS BAKERY & CAFE,"UBEREATS, LOS ANGELES, CA",,,,,,,
HOT GREEN TEA LATTE,4.25,,TOUS LES JOURS BAKERY & CAFE,"UBEREATS, LOS ANGELES, CA",,,,,,,
HOT CHAI VANILLA LATTE,4.75,,TOUS LES JOURS BAKERY & CAFE,"UBEREATS, LOS ANGELES, CA",,,,,,,
THAI ICED TEA,4.95,,TOUS LES JOURS BAKERY & CAFE,"UBEREATS, LOS ANGELES, CA",,,,,,,
ICED MILK TEA LATTE,4.75,,TOUS LES JOURS BAKERY & CAFE,"UBEREATS, LOS ANGELES, CA",,,,,,,
LAVENDER HOT CHOCOLATE,4.5,,TOUS LES JOURS BAKERY & CAFE,"UBEREATS, LOS ANGELES, CA",,,,,,,
HOT HONEY YUZU TEA,4.0,,TOUS LES JOURS BAKERY & CAFE,"UBEREATS, LOS ANGELES, CA",,,,,,,
HOT HONEY GINGER TEA,4.0,,TOUS LES JOURS BAKERY & CAFE,"UBEREATS, LOS ANGELES, CA",,,,,,,
HONEY GRAPEFRUIT TEA,4.0,,TOUS LES JOURS BAKERY & CAFE,"UBEREATS, LOS ANGELES, CA",,,,,,,
HOT HONEY JUJUBE TEA,4.0,,TOUS LES JOURS BAKERY & CAFE,"UBEREATS, LOS ANGELES, CA",,,,,,,
HONEY LEMON TEA,4.0,,TOUS LES JOURS BAKERY & CAFE,"UBEREATS, LOS ANGELES, CA",,,,,,,
ICED GREEN TEA LATTE,4.75,,TOUS LES JOURS BAKERY & CAFE,"UBEREATS, LOS ANGELES, CA",,,,,,,
ICED VANILLA CHAI LATTE,5.25,,TOUS LES JOURS BAKERY & CAFE,"UBEREATS, LOS ANGELES, CA",,,,,,,
MILK TEA LATTE,4.25,,TOUS LES JOURS BAKERY & CAFE,"UBEREATS, LOS ANGELES, CA",,,,,,,
HOT CHOCOLATE,4.5,,TOUS LES JOURS BAKERY & CAFE,"UBEREATS, LOS ANGELES, CA",,,,,,,
ORGANIC ART OF TEA,4.0,,TOUS LES JOURS BAKERY & CAFE,"UBEREATS, LOS ANGELES, CA",,,,,,,
ICED HONEY YUZU TEA,4.5,,TOUS LES JOURS BAKERY & CAFE,"UBEREATS, LOS ANGELES, CA",,,,,,,
ICED HONEY GINGER TEA,4.5,,TOUS LES JOURS BAKERY & CAFE,"UBEREATS, LOS ANGELES, CA",,,,,,,
ICED HONEY JUJUBE TEA,4.5,,TOUS LES JOURS BAKERY & CAFE,"UBEREATS, LOS ANGELES, CA",,,,,,,
ICED HONEY LEMON TEA,4.5,,TOUS LES JOURS BAKERY & CAFE,"UBEREATS, LOS ANGELES, CA",,,,,,,
ICED HONEY GRAPEFRUIT TEA,4.0,,TOUS LES JOURS BAKERY & CAFE,"UBEREATS, LOS ANGELES, CA",,,,,,,
ZICO COCONUT WATER,4.5,,TOUS LES JOURS BAKERY & CAFE,"UBEREATS, LOS ANGELES, CA",,,,,,,
BAI ANTIOXIDANT INFUSION STRAWBERRY LEMONADE,4.25,,TOUS LES JOURS BAKERY & CAFE,"UBEREATS, LOS ANGELES, CA",,,,,,,
EVIAN WATER,3.75,,TOUS LES JOURS BAKERY & CAFE,"UBEREATS, LOS ANGELES, CA",,,,,,,
FIJI NATURAL ARTESIAN WATER,3.5,,TOUS LES JOURS BAKERY & CAFE,"UBEREATS, LOS ANGELES, CA",,,,,,,
BIGGIE MELON FLAVORED MILK (빙그레),3.0,,TOUS LES JOURS BAKERY & CAFE,"UBEREATS, LOS ANGELES, CA",,,,,,,
PERRIER GLASS BOTTLED WATER,3.75,,TOUS LES JOURS BAKERY & CAFE,"UBEREATS, LOS ANGELES, CA",,,,,,,
ITO EN JASMINE GREEN TEA,3.5,,TOUS LES JOURS BAKERY & CAFE,"UBEREATS, LOS ANGELES, CA",,,,,,,
BOTTLED APPLE JUICE,3.0,,TOUS LES JOURS BAKERY & CAFE,"UBEREATS, LOS ANGELES, CA",,,,,,,
HORIZON LOW FAT ORGANIC MILK,3.0,,TOUS LES JOURS BAKERY & CAFE,"UBEREATS, LOS ANGELES, CA",,,,,,,
BAI ANTIOXIDANT INFUSION CHERRY,4.25,,TOUS LES JOURS BAKERY & CAFE,"UBEREATS, LOS ANGELES, CA",,,,,,,
BAI ANTIOXIDANT INFUSION WATERMELON,4.25,,TOUS LES JOURS BAKERY & CAFE,"UBEREATS, LOS ANGELES, CA",,,,,,,
BAI ANTIOXIDANT INFUSION BLACKBERRY LEMONADE,4.25,,TOUS LES JOURS BAKERY & CAFE,"UBEREATS, LOS ANGELES, CA",,,,,,,
BAI ANTIOXIDANT INFUSION BLUEBERRY LEMONADE,4.25,,TOUS LES JOURS BAKERY & CAFE,"UBEREATS, LOS ANGELES, CA",,,,,,,
MARTINELLI'S SPARKLING APPLE JUICE,3.5,,TOUS LES JOURS BAKERY & CAFE,"UBEREATS, LOS ANGELES, CA",,,,,,,
BIGGIE STRAWBERRY FLAVORED MILK (빙그레),3.0,,TOUS LES JOURS BAKERY & CAFE,"UBEREATS, LOS ANGELES, CA",,,,,,,
BIGGIE BANANA FLAVORED MILK (빙그레),3.0,,TOUS LES JOURS BAKERY & CAFE,"UBEREATS, LOS ANGELES, CA",,,,,,,
ITO EN GREEN TEA,3.5,,TOUS LES JOURS BAKERY & CAFE,"UBEREATS, LOS ANGELES, CA",,,,,,,
BOTTLED ORANGE JUICE,3.0,,TOUS LES JOURS BAKERY & CAFE,"UBEREATS, LOS ANGELES, CA",,,,,,,
HORIZON CHOCOLATE MILK,3.0,,TOUS LES JOURS BAKERY & CAFE,"UBEREATS, LOS ANGELES, CA",,,,,,,
BAI ANTIOXIDANT INFUSION COCONUT,4.25,,TOUS LES JOURS BAKERY & CAFE,"UBEREATS, LOS ANGELES, CA",,,,,,,
BAI ANTIOXIDANT INFUSION BLUEBERRY,4.25,,TOUS LES JOURS BAKERY & CAFE,"UBEREATS, LOS ANGELES, CA",,,,,,,
GREEN TEA FRAPPE,7.5,,TOUS LES JOURS BAKERY & CAFE,"UBEREATS, LOS ANGELES, CA",,,,,,,
CARAMEL MOCHA FRAPPE,7.5,,TOUS LES JOURS BAKERY & CAFE,"UBEREATS, LOS ANGELES, CA",,,,,,,
CHOCOLATE FRAPPE,7.5,,TOUS LES JOURS BAKERY & CAFE,"UBEREATS, LOS ANGELES, CA",,,,,,,
BLUEBERRY SMOOTHIE,6.5,,TOUS LES JOURS BAKERY & CAFE,"UBEREATS, LOS ANGELES, CA",,,,,,,
BLUEBERRY YOGURT SMOOTHIE,7.0,,TOUS LES JOURS BAKERY & CAFE,"UBEREATS, LOS ANGELES, CA",,,,,,,
MANGO SMOOTHIE,6.5,,TOUS LES JOURS BAKERY & CAFE,"UBEREATS, LOS ANGELES, CA",,,,,,,
MANGO YOGURT SMOOTHIE,7.0,,TOUS LES JOURS BAKERY & CAFE,"UBEREATS, LOS ANGELES, CA",,,,,,,
STRAWBERRY SMOOTHIE,6.5,,TOUS LES JOURS BAKERY & CAFE,"UBEREATS, LOS ANGELES, CA",,,,,,,
STRAWBERRY YOGURT SMOOTHIE,7.0,,TOUS LES JOURS BAKERY & CAFE,"UBEREATS, LOS ANGELES, CA",,,,,,,
YOGURT SMOOTHIE,6.5,,TOUS LES JOURS BAKERY & CAFE,"UBEREATS, LOS ANGELES, CA",,,,,,,
ORIGINAL CROISSANT,3.0,,TOUS LES JOURS BAKERY & CAFE,"UBEREATS, LOS ANGELES, CA",,,,,,,
ALMOND CROISSANT,3.5,,TOUS LES JOURS BAKERY & CAFE,"UBEREATS, LOS ANGELES, CA",,,,,,,
CHOCOLATE-DIPPED CROISSANT,3.5,,TOUS LES JOURS BAKERY & CAFE,"UBEREATS, LOS ANGELES, CA",,,,,,,
COCOA HAZELNUT CROISSANT,3.5,,TOUS LES JOURS BAKERY & CAFE,"UBEREATS, LOS ANGELES, CA",,,,,,,
FRENCH BAGUETTE,4.5,,TOUS LES JOURS BAKERY & CAFE,"UBEREATS, LOS ANGELES, CA",,,,,,,
MINI BUTTER BREAD,2.25,,TOUS LES JOURS BAKERY & CAFE,"UBEREATS, LOS ANGELES, CA",,,,,,,
BLUEBERRY MUFFIN,3.0,,TOUS LES JOURS BAKERY & CAFE,"UBEREATS, LOS ANGELES, CA",,,,,,,
STRAWBERRY CREAM SOBORO (PEANUT CRUMBLE BREAD),4.0,,TOUS LES JOURS BAKERY & CAFE,"UBEREATS, LOS ANGELES, CA",,,,,,,
RED BEAN BREAD,2.5,,TOUS LES JOURS BAKERY & CAFE,"UBEREATS, LOS ANGELES, CA",,,,,,,
FRESH CREAM RED BEAN BUN,3.5,,TOUS LES JOURS BAKERY & CAFE,"UBEREATS, LOS ANGELES, CA",,,,,,,
CREAM CHEESE BREAD,2.7,,TOUS LES JOURS BAKERY & CAFE,"UBEREATS, LOS ANGELES, CA",,,,,,,
WALNUT CREAM CHEESE BREAD,2.8,,TOUS LES JOURS BAKERY & CAFE,"UBEREATS, LOS ANGELES, CA",,,,,,,
SOBORO (PEANUT CRUMBLE BREAD),2.5,,TOUS LES JOURS BAKERY & CAFE,"UBEREATS, LOS ANGELES, CA",,,,,,,
BLUBERRY CREAM CHEESE BREAD,3.5,,TOUS LES JOURS BAKERY & CAFE,"UBEREATS, LOS ANGELES, CA",,,,,,,
PREMIUM RED BEAN BREAD,3.3,,TOUS LES JOURS BAKERY & CAFE,"UBEREATS, LOS ANGELES, CA",,,,,,,
THE MILK BREAD,2.75,,TOUS LES JOURS BAKERY & CAFE,"UBEREATS, LOS ANGELES, CA",,,,,,,
MANJU SET,22.0,,TOUS LES JOURS BAKERY & CAFE,"UBEREATS, LOS ANGELES, CA",,,,,,,
SWEET RICE CAKE(MOCHI) SET,27.0,,TOUS LES JOURS BAKERY & CAFE,"UBEREATS, LOS ANGELES, CA",,,,,,,
FINGER MADELEINE GIFT SET,20.0,,TOUS LES JOURS BAKERY & CAFE,"UBEREATS, LOS ANGELES, CA",,,,,,,
ORIGINAL ROLL CAKE,20.0,,TOUS LES JOURS BAKERY & CAFE,"UBEREATS, LOS ANGELES, CA",,,,,,,
GREEN TEA ROLL CAKE,20.0,,TOUS LES JOURS BAKERY & CAFE,"UBEREATS, LOS ANGELES, CA",,,,,,,
MOCHA ROLL CAKE,22.0,,TOUS LES JOURS BAKERY & CAFE,"UBEREATS, LOS ANGELES, CA",,,,,,,
ORIGINAL CASTELLA BOX,20.0,,TOUS LES JOURS BAKERY & CAFE,"UBEREATS, LOS ANGELES, CA",,,,,,,
6PCS MACARON GIFT BOX,18.0,,TOUS LES JOURS BAKERY & CAFE,"UBEREATS, LOS ANGELES, CA",,,,,,,
18 PCS MACARON GIFT BOX,32.0,,TOUS LES JOURS BAKERY & CAFE,"UBEREATS, LOS ANGELES, CA",,,,,,,
BIRTHDAY PARTY HAT-GREEN,4.0,,TOUS LES JOURS BAKERY & CAFE,"UBEREATS, LOS ANGELES, CA",,,,,,,
BIRTHDAY PARTY HAT-PINK,4.0,,TOUS LES JOURS BAKERY & CAFE,"UBEREATS, LOS ANGELES, CA",,,,,,,
I LOVE YOU CANDLES,5.0,,TOUS LES JOURS BAKERY & CAFE,"UBEREATS, LOS ANGELES, CA",,,,,,,
HAPPY BIRTHDAY CANDLES,5.0,,TOUS LES JOURS BAKERY & CAFE,"UBEREATS, LOS ANGELES, CA",,,,,,,
HAPPY BIRTHDAY CARD,6.0,,TOUS LES JOURS BAKERY & CAFE,"UBEREATS, LOS ANGELES, CA",,,,,,,
5 HAPPY MOTHERS DAY CAKE TOPPER-CIRCLE,10.0,,TOUS LES JOURS BAKERY & CAFE,"UBEREATS, LOS ANGELES, CA",,,,,,,
5 FLORAL GOLD HAPPY BIRTHDAY CAKE TOPPER,10.0,,TOUS LES JOURS BAKERY & CAFE,"UBEREATS, LOS ANGELES, CA",,,,,,,
HAPPY BIRTHDAY GLOSSY SILVER TOPPER,8.0,,TOUS LES JOURS BAKERY & CAFE,"UBEREATS, LOS ANGELES, CA",,,,,,,
TOUS LES JOURS BIG C O O L E R TOTE BAG,15.0,,TOUS LES JOURS BAKERY & CAFE,"UBEREATS, LOS ANGELES, CA",,,,,,,
ORIGINAL CROQUETTE (KOROKE),3.5,,TOUS LES JOURS BAKERY & CAFE,"UBEREATS, LOS ANGELES, CA",,,,,,,
KIMCHI CROQUETTE (KOROKE),3.7,,TOUS LES JOURS BAKERY & CAFE,"UBEREATS, LOS ANGELES, CA",,,,,,,
CURRY CROQUETTE (KOROKE),3.7,,TOUS LES JOURS BAKERY & CAFE,"UBEREATS, LOS ANGELES, CA",,,,,,,
SWEET RICE DONUT,2.5,,TOUS LES JOURS BAKERY & CAFE,"UBEREATS, LOS ANGELES, CA",,,,,,,
RED BEAN DONUT,2.8,,TOUS LES JOURS BAKERY & CAFE,"UBEREATS, LOS ANGELES, CA",,,,,,,
TWIST DONUT,2.6,,TOUS LES JOURS BAKERY & CAFE,"UBEREATS, LOS ANGELES, CA",,,,,,,
CARAMEL APPLE PIE,3.2,,TOUS LES JOURS BAKERY & CAFE,"UBEREATS, LOS ANGELES, CA",,,,,,,
YUZU PIE,3.5,,TOUS LES JOURS BAKERY & CAFE,"UBEREATS, LOS ANGELES, CA",,,,,,,
PAIN AU RAISIN,3.0,,TOUS LES JOURS BAKERY & CAFE,"UBEREATS, LOS ANGELES, CA",,,,,,,
PAIN AU CHOCOLATE,3.0,,TOUS LES JOURS BAKERY & CAFE,"UBEREATS, LOS ANGELES, CA",,,,,,,
