name,price_usd,calories,restaurant_name,identifier,sugars_g,cholesterol_mg,protein_g,fiber_g,fat_g,carbohydrates_g,sodium_mg
NEW BBQ CHICKEN WINGS,6.85,,DOWNTOWN KABOB,"UBEREATS, LOS ANGELES, CA",,,,,,,
MEXICAN COKE,3.5,,DOWNTOWN KABOB,"UBEREATS, LOS ANGELES, CA",,,,,,,
SALMON KABOB,11.49,,DOWNTOWN KABOB,"UBEREATS, LOS ANGELES, CA",,,,,,,
SOLTANI COMBO,12.98,,DOWNTOWN KABOB,"UBEREATS, LOS ANGELES, CA",,,,,,,
BONELESS CHICKEN WITH SALAD,9.49,,DOWNTOWN KABOB,"UBEREATS, LOS ANGELES, CA",,,,,,,
BARG KABOB (TENDER FILLET MIGNON),10.99,,DOWNTOWN KABOB,"UBEREATS, LOS ANGELES, CA",,,,,,,
KOOBIDEH KABOB (GROUND BEEF KABOB) (2 PCS),8.48,,DOWNTOWN KABOB,"UBEREATS, LOS ANGELES, CA",,,,,,,
FILLET SHISH KABOB,10.99,,DOWNTOWN KABOB,"UBEREATS, LOS ANGELES, CA",,,,,,,
CHICKEN KABOB WITH BONE,9.49,,DOWNTOWN KABOB,"UBEREATS, LOS ANGELES, CA",,,,,,,
BONELESS CHICKEN KABOB (10 PCS),9.49,,DOWNTOWN KABOB,"UBEREATS, LOS ANGELES, CA",,,,,,,
BONELESS CHICKEN KABOB WITH BARBERRY RICE (10 PCS),10.42,,DOWNTOWN KABOB,"UBEREATS, LOS ANGELES, CA",,,,,,,
BONELESS CHICKEN KABOB (10 PCS) WITH SWEET CHERRY RICE,10.42,,DOWNTOWN KABOB,"UBEREATS, LOS ANGELES, CA",,,,,,,
CHICKEN KOOBIDEH KABOB (GROUND CHICKEN BREAST) (2 PCS),8.99,,DOWNTOWN KABOB,"UBEREATS, LOS ANGELES, CA",,,,,,,
LAMB SANK WITH DILL & LIMA BEAN RICE (BOILED),11.33,,DOWNTOWN KABOB,"UBEREATS, LOS ANGELES, CA",,,,,,,
CHICKEN BARG (10 PCS),9.49,,DOWNTOWN KABOB,"UBEREATS, LOS ANGELES, CA",,,,,,,
ONE STRIP GROUND BEEF WITH BARBERRY RICE,7.34,,DOWNTOWN KABOB,"UBEREATS, LOS ANGELES, CA",,,,,,,
CHICKEN CORNISH WITH BREAD,9.49,,DOWNTOWN KABOB,"UBEREATS, LOS ANGELES, CA",,,,,,,
SHISH KABOB WITH BREAD,10.99,,DOWNTOWN KABOB,"UBEREATS, LOS ANGELES, CA",,,,,,,
SHISH SOLTANI,12.98,,DOWNTOWN KABOB,"UBEREATS, LOS ANGELES, CA",,,,,,,
CHICKEN COMBO WITH BONE,11.49,,DOWNTOWN KABOB,"UBEREATS, LOS ANGELES, CA",,,,,,,
BONELESS CHICKEN COMBO,11.49,,DOWNTOWN KABOB,"UBEREATS, LOS ANGELES, CA",,,,,,,
CHICKEN BREAST KABOB (10 PCS),9.49,,DOWNTOWN KABOB,"UBEREATS, LOS ANGELES, CA",,,,,,,
LENTIL SOUP,3.67,,DOWNTOWN KABOB,"UBEREATS, LOS ANGELES, CA",,,,,,,
GOURMEH SABZI (VEGGIE – NO MEAT),9.99,,DOWNTOWN KABOB,"UBEREATS, LOS ANGELES, CA",,,,,,,
GOURMEH SABZI (WITH LAMB),9.99,,DOWNTOWN KABOB,"UBEREATS, LOS ANGELES, CA",,,,,,,
GHEYMEH BADEMJAN,9.99,,DOWNTOWN KABOB,"UBEREATS, LOS ANGELES, CA",,,,,,,
GHEYMEH (WITH FRIES),9.99,,DOWNTOWN KABOB,"UBEREATS, LOS ANGELES, CA",,,,,,,
TAHDIG WITH GHORMEH SABZI,8.99,,DOWNTOWN KABOB,"UBEREATS, LOS ANGELES, CA",,,,,,,
TAHDIG WITH GHEYMEH,8.99,,DOWNTOWN KABOB,"UBEREATS, LOS ANGELES, CA",,,,,,,
BONELESS CHICKEN KABOB WRAP,6.49,,DOWNTOWN KABOB,"UBEREATS, LOS ANGELES, CA",,,,,,,
GROUND BEEF KABOB WRAP,6.49,,DOWNTOWN KABOB,"UBEREATS, LOS ANGELES, CA",,,,,,,
CHICKEN BREAST WRAP,6.99,,DOWNTOWN KABOB,"UBEREATS, LOS ANGELES, CA",,,,,,,
GROUND CHICKEN BREAST KABOB WRAP,6.99,,DOWNTOWN KABOB,"UBEREATS, LOS ANGELES, CA",,,,,,,
STEAK KABOB WRAP,7.39,,DOWNTOWN KABOB,"UBEREATS, LOS ANGELES, CA",,,,,,,
GROUND BEEF WITH SALAD,8.48,,DOWNTOWN KABOB,"UBEREATS, LOS ANGELES, CA",,,,,,,
GROUND CHICKEN BREAST WITH SALAD,8.99,,DOWNTOWN KABOB,"UBEREATS, LOS ANGELES, CA",,,,,,,
KOOBIDEH MIX WITH SALAD,8.99,,DOWNTOWN KABOB,"UBEREATS, LOS ANGELES, CA",,,,,,,
FILET MIGNON WITH SALAD,10.99,,DOWNTOWN KABOB,"UBEREATS, LOS ANGELES, CA",,,,,,,
PERSIAN SALAD,2.98,,DOWNTOWN KABOB,"UBEREATS, LOS ANGELES, CA",,,,,,,
YOGURT CUCUMBER DIP,2.98,,DOWNTOWN KABOB,"UBEREATS, LOS ANGELES, CA",,,,,,,
YOGURT SHALLOTS DIP,3.99,,DOWNTOWN KABOB,"UBEREATS, LOS ANGELES, CA",,,,,,,
GREEN SALAD,3.2,,DOWNTOWN KABOB,"UBEREATS, LOS ANGELES, CA",,,,,,,
HUMMUS,3.99,,DOWNTOWN KABOB,"UBEREATS, LOS ANGELES, CA",,,,,,,
HAND-MADE FRIES,3.2,,DOWNTOWN KABOB,"UBEREATS, LOS ANGELES, CA",,,,,,,
ONLY GREEN BEAN RICE,5.0,,DOWNTOWN KABOB,"UBEREATS, LOS ANGELES, CA",,,,,,,
ONLY SWEET CHERRY RICE,6.0,,DOWNTOWN KABOB,"UBEREATS, LOS ANGELES, CA",,,,,,,
ONLY WHITE RICE,4.0,,DOWNTOWN KABOB,"UBEREATS, LOS ANGELES, CA",,,,,,,
ONLY BARBERRY RICE,5.0,,DOWNTOWN KABOB,"UBEREATS, LOS ANGELES, CA",,,,,,,
ONLY LIME BEANS RICE,5.0,,DOWNTOWN KABOB,"UBEREATS, LOS ANGELES, CA",,,,,,,
ARIZONA,2.0,,DOWNTOWN KABOB,"UBEREATS, LOS ANGELES, CA",,,,,,,
FANTA ORANGE,1.5,,DOWNTOWN KABOB,"UBEREATS, LOS ANGELES, CA",,,,,,,
GATORADE,3.0,,DOWNTOWN KABOB,"UBEREATS, LOS ANGELES, CA",,,,,,,
MONSTER,3.0,,DOWNTOWN KABOB,"UBEREATS, LOS ANGELES, CA",,,,,,,
PERRIER,3.0,,DOWNTOWN KABOB,"UBEREATS, LOS ANGELES, CA",,,,,,,
RASPBERRY TEA,1.5,,DOWNTOWN KABOB,"UBEREATS, LOS ANGELES, CA",,,,,,,
SNAPPLE,3.0,,DOWNTOWN KABOB,"UBEREATS, LOS ANGELES, CA",,,,,,,
SPRITE,1.5,,DOWNTOWN KABOB,"UBEREATS, LOS ANGELES, CA",,,,,,,
SUNKIS,1.5,,DOWNTOWN KABOB,"UBEREATS, LOS ANGELES, CA",,,,,,,
BOTTLED WATER,1.6,,DOWNTOWN KABOB,"UBEREATS, LOS ANGELES, CA",,,,,,,
YOGU DRINK MINT,3.5,,DOWNTOWN KABOB,"UBEREATS, LOS ANGELES, CA",,,,,,,
YOGU DRINK REGULAR,3.5,,DOWNTOWN KABOB,"UBEREATS, LOS ANGELES, CA",,,,,,,
7 UP,1.5,,DOWNTOWN KABOB,"UBEREATS, LOS ANGELES, CA",,,,,,,
REGULAR COKE,1.5,,DOWNTOWN KABOB,"UBEREATS, LOS ANGELES, CA",,,,,,,
DIET COKE,1.5,,DOWNTOWN KABOB,"UBEREATS, LOS ANGELES, CA",,,,,,,
PEPSI,1.5,,DOWNTOWN KABOB,"UBEREATS, LOS ANGELES, CA",,,,,,,
