name,price_usd,calories,restaurant_name,identifier,sugars_g,cholesterol_mg,protein_g,fiber_g,fat_g,carbohydrates_g,sodium_mg
BAHO,17.0,,LA ADELITA,"UBEREATS, LOS ANGELES, CA",,,,,,,
PATA BROTH,12.5,,LA ADELITA,"UBEREATS, LOS ANGELES, CA",,,,,,,
CALDO 7 MARES,16.0,,LA ADELITA,"UBEREATS, LOS ANGELES, CA",,,,,,,
VARIETY STEWS WITH RICE,12.0,,LA ADELITA,"UBEREATS, LOS ANGELES, CA",,,,,,,
ROASTED MEAT POUND,15.5,,LA ADELITA,"UBEREATS, LOS ANGELES, CA",,,,,,,
COMBO 1 - BAKED CHICKEN AND RICE,8.05,,LA ADELITA,"UBEREATS, LOS ANGELES, CA",,,,,,,
"COMBO 2 - BAKED CHICKEN, RICE, AND BEANS",9.25,,LA ADELITA,"UBEREATS, LOS ANGELES, CA",,,,,,,
COMBO 3 - ORDER OF GUISADOS,8.05,,LA ADELITA,"UBEREATS, LOS ANGELES, CA",,,,,,,
COMBO 4 - BEEF AND RICE,9.25,,LA ADELITA,"UBEREATS, LOS ANGELES, CA",,,,,,,
"COMBO 5 - MEAT, RICE, AND BEANS",10.5,,LA ADELITA,"UBEREATS, LOS ANGELES, CA",,,,,,,
COMBO 6 - ORDER OF OXTAIL,9.25,,LA ADELITA,"UBEREATS, LOS ANGELES, CA",,,,,,,
COMBO 7 - OXTAIL BEEF AND RICE,10.5,,LA ADELITA,"UBEREATS, LOS ANGELES, CA",,,,,,,
"COMBO 8 - OXTAIL BEEF, RICE, AND BEANS",11.5,,LA ADELITA,"UBEREATS, LOS ANGELES, CA",,,,,,,
COMBO 9 - ORDER OF TONGUE,10.5,,LA ADELITA,"UBEREATS, LOS ANGELES, CA",,,,,,,
COMBO 10 - TONGUE AND RICE,11.5,,LA ADELITA,"UBEREATS, LOS ANGELES, CA",,,,,,,
"COMBO 11 - TONGUE, RICE, AND BEANS",12.65,,LA ADELITA,"UBEREATS, LOS ANGELES, CA",,,,,,,
COMBO 12 - ROASTED MEAT AND RICE,10.5,,LA ADELITA,"UBEREATS, LOS ANGELES, CA",,,,,,,
"COMBO 13 - ROASTED MEAT, RICE, AND BEANS",11.5,,LA ADELITA,"UBEREATS, LOS ANGELES, CA",,,,,,,
COMBO 14 - 1/4 BAKED CHICKEN,4.5,,LA ADELITA,"UBEREATS, LOS ANGELES, CA",,,,,,,
COMBO 15 - 1/2 BAKED CHICKEN,7.5,,LA ADELITA,"UBEREATS, LOS ANGELES, CA",,,,,,,
COMBO 16 - WHOLE BAKED CHICKEN,15.0,,LA ADELITA,"UBEREATS, LOS ANGELES, CA",,,,,,,
COMBO 17 - FISH FILLET AND RICE,9.25,,LA ADELITA,"UBEREATS, LOS ANGELES, CA",,,,,,,
"COMBO 18 - FISH FILLET, RICE, AND BEANS",10.5,,LA ADELITA,"UBEREATS, LOS ANGELES, CA",,,,,,,
COMBO 19 - MOJARRA WITH RICE,9.25,,LA ADELITA,"UBEREATS, LOS ANGELES, CA",,,,,,,
"COMBO 20 - MOJARRA, RICE, AND BEANS",10.5,,LA ADELITA,"UBEREATS, LOS ANGELES, CA",,,,,,,
"COMBO 22 - FILLING OF PACAYA, RICE, AND BEANS",9.25,,LA ADELITA,"UBEREATS, LOS ANGELES, CA",,,,,,,
"COMBO 21 - CHILE FILLER, RICE, AND BEANS",10.5,,LA ADELITA,"UBEREATS, LOS ANGELES, CA",,,,,,,
COMBO 23 - ORDER OF WINGS,5.99,,LA ADELITA,"UBEREATS, LOS ANGELES, CA",,,,,,,
COMBO 24 - WINGS WITH RICE,6.99,,LA ADELITA,"UBEREATS, LOS ANGELES, CA",,,,,,,
"COMBO 25 - WINGS, RICE, AND BEANS",7.99,,LA ADELITA,"UBEREATS, LOS ANGELES, CA",,,,,,,
SHREDDED BEEF,9.5,,LA ADELITA,"UBEREATS, LOS ANGELES, CA",,,,,,,
STEWED MEAT,9.5,,LA ADELITA,"UBEREATS, LOS ANGELES, CA",,,,,,,
MACHACA,9.5,,LA ADELITA,"UBEREATS, LOS ANGELES, CA",,,,,,,
MEATLOAF,9.5,,LA ADELITA,"UBEREATS, LOS ANGELES, CA",,,,,,,
BEEF TAIL,10.5,,LA ADELITA,"UBEREATS, LOS ANGELES, CA",,,,,,,
BISTECK,10.5,,LA ADELITA,"UBEREATS, LOS ANGELES, CA",,,,,,,
TINGA,9.25,,LA ADELITA,"UBEREATS, LOS ANGELES, CA",,,,,,,
ADOBED RIB,9.5,,LA ADELITA,"UBEREATS, LOS ANGELES, CA",,,,,,,
RIBBON IN SAUCE,9.5,,LA ADELITA,"UBEREATS, LOS ANGELES, CA",,,,,,,
CHICHARRON IN SAUCE,9.5,,LA ADELITA,"UBEREATS, LOS ANGELES, CA",,,,,,,
BBQ RIB POUND,12.0,,LA ADELITA,"UBEREATS, LOS ANGELES, CA",,,,,,,
CHICHARRON POUND,11.25,,LA ADELITA,"UBEREATS, LOS ANGELES, CA",,,,,,,
CARNITAS POUND,12.0,,LA ADELITA,"UBEREATS, LOS ANGELES, CA",,,,,,,
FILLED DRY FISH,12.0,,LA ADELITA,"UBEREATS, LOS ANGELES, CA",,,,,,,
PESCADO FILLET,9.25,,LA ADELITA,"UBEREATS, LOS ANGELES, CA",,,,,,,
MEDIUM MOJARRA,9.25,,LA ADELITA,"UBEREATS, LOS ANGELES, CA",,,,,,,
LARGE MOJARRA,10.5,,LA ADELITA,"UBEREATS, LOS ANGELES, CA",,,,,,,
PRAWNS,12.0,,LA ADELITA,"UBEREATS, LOS ANGELES, CA",,,,,,,
CHICKEN SOUP,12.0,,LA ADELITA,"UBEREATS, LOS ANGELES, CA",,,,,,,
BEEF BROTH,12.5,,LA ADELITA,"UBEREATS, LOS ANGELES, CA",,,,,,,
TAJADA CON QUESO,9.5,,LA ADELITA,"UBEREATS, LOS ANGELES, CA",,,,,,,
FRIED PLANTAIN,2.99,,LA ADELITA,"UBEREATS, LOS ANGELES, CA",,,,,,,
CANOA,5.25,,LA ADELITA,"UBEREATS, LOS ANGELES, CA",,,,,,,
MILK EMPANADA,3.9,,LA ADELITA,"UBEREATS, LOS ANGELES, CA",,,,,,,
BEAN EMPANADA,3.9,,LA ADELITA,"UBEREATS, LOS ANGELES, CA",,,,,,,
TOSTADA DE PLATANO,6.75,,LA ADELITA,"UBEREATS, LOS ANGELES, CA",,,,,,,
CHILE RELLENO WITH CHEESE,8.0,,LA ADELITA,"UBEREATS, LOS ANGELES, CA",,,,,,,
CHILE RELLENO WITH BEEF,7.99,,LA ADELITA,"UBEREATS, LOS ANGELES, CA",,,,,,,
RELLENO DE CHAYOTE,6.9,,LA ADELITA,"UBEREATS, LOS ANGELES, CA",,,,,,,
RELLENO DE PACAYA,6.9,,LA ADELITA,"UBEREATS, LOS ANGELES, CA",,,,,,,
TACO DORADO,1.75,,LA ADELITA,"UBEREATS, LOS ANGELES, CA",,,,,,,
MEXICAN TACO,2.9,,LA ADELITA,"UBEREATS, LOS ANGELES, CA",,,,,,,
BURRITO,8.05,,LA ADELITA,"UBEREATS, LOS ANGELES, CA",,,,,,,
SOPE,3.25,,LA ADELITA,"UBEREATS, LOS ANGELES, CA",,,,,,,
CHILAQUILES,5.25,,LA ADELITA,"UBEREATS, LOS ANGELES, CA",,,,,,,
CHORIZO SALVADORENO,4.9,,LA ADELITA,"UBEREATS, LOS ANGELES, CA",,,,,,,
CALABACITAS GUISADAS,5.5,,LA ADELITA,"UBEREATS, LOS ANGELES, CA",,,,,,,
PAPA GUISADA,5.5,,LA ADELITA,"UBEREATS, LOS ANGELES, CA",,,,,,,
COOKED VEGETABLES,5.25,,LA ADELITA,"UBEREATS, LOS ANGELES, CA",,,,,,,
GREEN BEANS,5.25,,LA ADELITA,"UBEREATS, LOS ANGELES, CA",,,,,,,
MANUELITAS,4.9,,LA ADELITA,"UBEREATS, LOS ANGELES, CA",,,,,,,
PUPUSAS,2.99,,LA ADELITA,"UBEREATS, LOS ANGELES, CA",,,,,,,
NICAS ENCHILADAS,4.0,,LA ADELITA,"UBEREATS, LOS ANGELES, CA",,,,,,,
PASTELITOS,1.75,,LA ADELITA,"UBEREATS, LOS ANGELES, CA",,,,,,,
TOMAL DE ELOTE FRITO,2.99,,LA ADELITA,"UBEREATS, LOS ANGELES, CA",,,,,,,
BAKED CHICKEN,5.5,,LA ADELITA,"UBEREATS, LOS ANGELES, CA",,,,,,,
BAKED CHICKEN WITH RICE,9.25,,LA ADELITA,"UBEREATS, LOS ANGELES, CA",,,,,,,
BAKED CHICKEN WITH RICE AND BEAN,10.75,,LA ADELITA,"UBEREATS, LOS ANGELES, CA",,,,,,,
FISH FILLET,9.25,,LA ADELITA,"UBEREATS, LOS ANGELES, CA",,,,,,,
FISH FILLET WITH RICE,10.75,,LA ADELITA,"UBEREATS, LOS ANGELES, CA",,,,,,,
FISH FILLET WITH RICE AND BEAN,12.0,,LA ADELITA,"UBEREATS, LOS ANGELES, CA",,,,,,,
MOJARRA,9.25,,LA ADELITA,"UBEREATS, LOS ANGELES, CA",,,,,,,
MOJARRA WITH RICE,10.75,,LA ADELITA,"UBEREATS, LOS ANGELES, CA",,,,,,,
MOJARRA WITH RICE AND BEAN,12.0,,LA ADELITA,"UBEREATS, LOS ANGELES, CA",,,,,,,
VARIETY STEWS,9.5,,LA ADELITA,"UBEREATS, LOS ANGELES, CA",,,,,,,
VARIETY STEWS WITH RICE AND BEAN,13.0,,LA ADELITA,"UBEREATS, LOS ANGELES, CA",,,,,,,
OXTAIL STEAK,10.5,,LA ADELITA,"UBEREATS, LOS ANGELES, CA",,,,,,,
OXTAIL STEAK WITH RICE,13.0,,LA ADELITA,"UBEREATS, LOS ANGELES, CA",,,,,,,
OXTAIL STEAK WITH RICE AND BEAN,14.5,,LA ADELITA,"UBEREATS, LOS ANGELES, CA",,,,,,,
TONGUE,12.0,,LA ADELITA,"UBEREATS, LOS ANGELES, CA",,,,,,,
TONGUE WITH RICE,13.25,,LA ADELITA,"UBEREATS, LOS ANGELES, CA",,,,,,,
TONGUE WITH RICE AND BEAN,14.5,,LA ADELITA,"UBEREATS, LOS ANGELES, CA",,,,,,,
ROAST BEEF,12.0,,LA ADELITA,"UBEREATS, LOS ANGELES, CA",,,,,,,
ROAST BEEF WITH RICE,13.25,,LA ADELITA,"UBEREATS, LOS ANGELES, CA",,,,,,,
ROAST BEEF WITH RICE AND BEAN,14.5,,LA ADELITA,"UBEREATS, LOS ANGELES, CA",,,,,,,
CHILE FILLING,8.0,,LA ADELITA,"UBEREATS, LOS ANGELES, CA",,,,,,,
CHILE FILLING WITH RICE,9.5,,LA ADELITA,"UBEREATS, LOS ANGELES, CA",,,,,,,
CHILE FILLING WITH RICE AND BEAN,12.0,,LA ADELITA,"UBEREATS, LOS ANGELES, CA",,,,,,,
PACAYA FILLING,6.9,,LA ADELITA,"UBEREATS, LOS ANGELES, CA",,,,,,,
PACAYA FILLING WITH RICE,8.0,,LA ADELITA,"UBEREATS, LOS ANGELES, CA",,,,,,,
PACAYA FILLING WITH RICE AND BEAN,9.5,,LA ADELITA,"UBEREATS, LOS ANGELES, CA",,,,,,,
CHAYOTE FILLING,6.9,,LA ADELITA,"UBEREATS, LOS ANGELES, CA",,,,,,,
CHAYOTE FILLING WITH RICE,8.0,,LA ADELITA,"UBEREATS, LOS ANGELES, CA",,,,,,,
CHAYOTE FILLING WITH RICE AND BEAN,9.5,,LA ADELITA,"UBEREATS, LOS ANGELES, CA",,,,,,,
WINGS,6.9,,LA ADELITA,"UBEREATS, LOS ANGELES, CA",,,,,,,
WINGS WITH RICE,8.75,,LA ADELITA,"UBEREATS, LOS ANGELES, CA",,,,,,,
WINGS WITH RICE AND BEAN,9.75,,LA ADELITA,"UBEREATS, LOS ANGELES, CA",,,,,,,
FISH WRAPPED,12.0,,LA ADELITA,"UBEREATS, LOS ANGELES, CA",,,,,,,
FISH WRAPPED WITH RICE,13.25,,LA ADELITA,"UBEREATS, LOS ANGELES, CA",,,,,,,
FISH WRAPPED WITH RICE AND BEAN,14.5,,LA ADELITA,"UBEREATS, LOS ANGELES, CA",,,,,,,
THREE GOLDEN TACO,5.3,,LA ADELITA,"UBEREATS, LOS ANGELES, CA",,,,,,,
THREE GOLDEN TACO WITH RICE,6.9,,LA ADELITA,"UBEREATS, LOS ANGELES, CA",,,,,,,
THREE GOLDEN TACO WITH RICE AND BEAN,8.0,,LA ADELITA,"UBEREATS, LOS ANGELES, CA",,,,,,,
VEGETABLE,5.3,,LA ADELITA,"UBEREATS, LOS ANGELES, CA",,,,,,,
VEGETABLE WITH RICE,6.9,,LA ADELITA,"UBEREATS, LOS ANGELES, CA",,,,,,,
VEGETABLE WITH RICE AND BEAN,8.0,,LA ADELITA,"UBEREATS, LOS ANGELES, CA",,,,,,,
SPAGUETTI,5.3,,LA ADELITA,"UBEREATS, LOS ANGELES, CA",,,,,,,
SPAGUETTI WITH RICE,6.9,,LA ADELITA,"UBEREATS, LOS ANGELES, CA",,,,,,,
SPAGUETTI WITH RICE AND BEAN,8.0,,LA ADELITA,"UBEREATS, LOS ANGELES, CA",,,,,,,
CHILAQUILES WITH RICE,6.9,,LA ADELITA,"UBEREATS, LOS ANGELES, CA",,,,,,,
CHILAQUILES WITH RICE AND BEAN,8.0,,LA ADELITA,"UBEREATS, LOS ANGELES, CA",,,,,,,
WHITE RICE,2.9,,LA ADELITA,"UBEREATS, LOS ANGELES, CA",,,,,,,
RICE WITH VEGETABLES,3.75,,LA ADELITA,"UBEREATS, LOS ANGELES, CA",,,,,,,
CASAMIENTO RICE AND BEANS,3.1,,LA ADELITA,"UBEREATS, LOS ANGELES, CA",,,,,,,
RICE WITH SAUSAGE,4.75,,LA ADELITA,"UBEREATS, LOS ANGELES, CA",,,,,,,
VALENCIAN RICE,8.05,,LA ADELITA,"UBEREATS, LOS ANGELES, CA",,,,,,,
BLACK BEAN,2.9,,LA ADELITA,"UBEREATS, LOS ANGELES, CA",,,,,,,
RED BEAN,3.1,,LA ADELITA,"UBEREATS, LOS ANGELES, CA",,,,,,,
BOILED  EGG,1.5,,LA ADELITA,"UBEREATS, LOS ANGELES, CA",,,,,,,
SCRAMBLED EGG,2.0,,LA ADELITA,"UBEREATS, LOS ANGELES, CA",,,,,,,
LARGE SCRAMBLED EGG,4.25,,LA ADELITA,"UBEREATS, LOS ANGELES, CA",,,,,,,
STEWED CHICKEN,9.25,,LA ADELITA,"UBEREATS, LOS ANGELES, CA",,,,,,,
CHICKEN FAJITAS,9.25,,LA ADELITA,"UBEREATS, LOS ANGELES, CA",,,,,,,
GRILLED CHIKEN BREAST,9.75,,LA ADELITA,"UBEREATS, LOS ANGELES, CA",,,,,,,
FRIED CHICKEN,6.0,,LA ADELITA,"UBEREATS, LOS ANGELES, CA",,,,,,,
SPAGHETTI WITH CREAM,5.25,,LA ADELITA,"UBEREATS, LOS ANGELES, CA",,,,,,,
SPAGHETTI WITH SAUCE,5.25,,LA ADELITA,"UBEREATS, LOS ANGELES, CA",,,,,,,
SPAGHETTI WITH CHICKEN,9.5,,LA ADELITA,"UBEREATS, LOS ANGELES, CA",,,,,,,
CHOW MEIN WITH CHICKEN,9.5,,LA ADELITA,"UBEREATS, LOS ANGELES, CA",,,,,,,
CHOW MEIN WITH SHRIMP,10.5,,LA ADELITA,"UBEREATS, LOS ANGELES, CA",,,,,,,
BREAD WITH CHEESE AND CREAM,3.25,,LA ADELITA,"UBEREATS, LOS ANGELES, CA",,,,,,,
BREAD WITH BEANS,3.45,,LA ADELITA,"UBEREATS, LOS ANGELES, CA",,,,,,,
BREAD WITH EGG,3.45,,LA ADELITA,"UBEREATS, LOS ANGELES, CA",,,,,,,
BREAD WITH MEAT,6.75,,LA ADELITA,"UBEREATS, LOS ANGELES, CA",,,,,,,
BREAD WITH BEAN EGG COOKED CHEESE,4.6,,LA ADELITA,"UBEREATS, LOS ANGELES, CA",,,,,,,
"BREAD WITH BEAN, CREAM AND CHEESE",5.75,,LA ADELITA,"UBEREATS, LOS ANGELES, CA",,,,,,,
BREAD WITH BEAN REVOLVE EGG CREAM AND CHEESE,5.75,,LA ADELITA,"UBEREATS, LOS ANGELES, CA",,,,,,,
YUCA WITH CHICHARRON,10.5,,LA ADELITA,"UBEREATS, LOS ANGELES, CA",,,,,,,
YUCA FRITA POUND,7.9,,LA ADELITA,"UBEREATS, LOS ANGELES, CA",,,,,,,
YUCA COCIDA POUND,6.0,,LA ADELITA,"UBEREATS, LOS ANGELES, CA",,,,,,,
FRIED CHEESE,2.99,,LA ADELITA,"UBEREATS, LOS ANGELES, CA",,,,,,,
FRESH CHEESE,1.15,,LA ADELITA,"UBEREATS, LOS ANGELES, CA",,,,,,,
CUAJADAS,1.45,,LA ADELITA,"UBEREATS, LOS ANGELES, CA",,,,,,,
SALVADORENO TAMAL,2.65,,LA ADELITA,"UBEREATS, LOS ANGELES, CA",,,,,,,
MEXICAN TAMAL,2.3,,LA ADELITA,"UBEREATS, LOS ANGELES, CA",,,,,,,
CORN TAMAL,2.65,,LA ADELITA,"UBEREATS, LOS ANGELES, CA",,,,,,,
CHIPILIN TAMAL,2.3,,LA ADELITA,"UBEREATS, LOS ANGELES, CA",,,,,,,
PISQUE TAMAL,2.3,,LA ADELITA,"UBEREATS, LOS ANGELES, CA",,,,,,,
NACATAMALES,5.25,,LA ADELITA,"UBEREATS, LOS ANGELES, CA",,,,,,,
