name,price_usd,calories,restaurant_name,identifier,sugars_g,cholesterol_mg,protein_g,fiber_g,fat_g,carbohydrates_g,sodium_mg
FISH CAKE SOUP,17.99,,SAEKDONG JUHGORI,"UBEREATS, LOS ANGELES, CA",,,,,,,
CLAM SOUP,19.99,,SAEKDONG JUHGORI,"UBEREATS, LOS ANGELES, CA",,,,,,,
MUSSEL SOUP,19.99,,SAEKDONG JUHGORI,"UBEREATS, LOS ANGELES, CA",,,,,,,
CROWN DAISY FISH EGG SOUP,20.99,,SAEKDONG JUHGORI,"UBEREATS, LOS ANGELES, CA",,,,,,,
SEAFOOD SHRIMP SOUP,20.99,,SAEKDONG JUHGORI,"UBEREATS, LOS ANGELES, CA",,,,,,,
SEAFOOD SIZZLING RICE SOUP,28.99,,SAEKDONG JUHGORI,"UBEREATS, LOS ANGELES, CA",,,,,,,
MILITARY HOT POT,27.99,,SAEKDONG JUHGORI,"UBEREATS, LOS ANGELES, CA",,,,,,,
BEEF TRIPE HOT POT,27.99,,SAEKDONG JUHGORI,"UBEREATS, LOS ANGELES, CA",,,,,,,
STEAMED PORK RIBS WITH STEWED KIMCHI,29.99,,SAEKDONG JUHGORI,"UBEREATS, LOS ANGELES, CA",,,,,,,
FISH CAKE BAR (SOUP),28.99,,SAEKDONG JUHGORI,"UBEREATS, LOS ANGELES, CA",,,,,,,
SEASONED CHICKEN HOT POT,30.99,,SAEKDONG JUHGORI,"UBEREATS, LOS ANGELES, CA",,,,,,,
GRILLED SQUID AND FILLET FISH,18.99,,SAEKDONG JUHGORI,"UBEREATS, LOS ANGELES, CA",,,,,,,
SPICY STIR FRIED PORK CARTILAGE AND RICE,23.99,,SAEKDONG JUHGORI,"UBEREATS, LOS ANGELES, CA",,,,,,,
SPICY PORK HOCKS,25.99,,SAEKDONG JUHGORI,"UBEREATS, LOS ANGELES, CA",,,,,,,
SPICY CHICKEN FEET,21.99,,SAEKDONG JUHGORI,"UBEREATS, LOS ANGELES, CA",,,,,,,
COMBINATION SAUSAGE AND FRENCH FRIES,24.99,,SAEKDONG JUHGORI,"UBEREATS, LOS ANGELES, CA",,,,,,,
PAN FRIED ZUCCHINI,13.99,,SAEKDONG JUHGORI,"UBEREATS, LOS ANGELES, CA",,,,,,,
PAN FRIED POLLACK,15.99,,SAEKDONG JUHGORI,"UBEREATS, LOS ANGELES, CA",,,,,,,
VEGETABLE OMELETTE,16.99,,SAEKDONG JUHGORI,"UBEREATS, LOS ANGELES, CA",,,,,,,
CHEESE OMELETTE,16.99,,SAEKDONG JUHGORI,"UBEREATS, LOS ANGELES, CA",,,,,,,
PAN FRIED CHIVES,17.99,,SAEKDONG JUHGORI,"UBEREATS, LOS ANGELES, CA",,,,,,,
OKONOMIYAKI,20.99,,SAEKDONG JUHGORI,"UBEREATS, LOS ANGELES, CA",,,,,,,
PAN FRIED PEPPER STUFFED W/ PORK,17.99,,SAEKDONG JUHGORI,"UBEREATS, LOS ANGELES, CA",,,,,,,
PAN FRIED SESAME LEAF STUFFED W/ PORK,17.99,,SAEKDONG JUHGORI,"UBEREATS, LOS ANGELES, CA",,,,,,,
GRILLED PORK PATTIES,21.99,,SAEKDONG JUHGORI,"UBEREATS, LOS ANGELES, CA",,,,,,,
GRILLED BEEF PATTIES,21.99,,SAEKDONG JUHGORI,"UBEREATS, LOS ANGELES, CA",,,,,,,
HALF AND HALF OF BEEF AND PORK PATTIES,22.99,,SAEKDONG JUHGORI,"UBEREATS, LOS ANGELES, CA",,,,,,,
PAN FRIED MIXED SEAFOOD,23.99,,SAEKDONG JUHGORI,"UBEREATS, LOS ANGELES, CA",,,,,,,
SAEKDONG PAN FRIED COMBO,29.99,,SAEKDONG JUHGORI,"UBEREATS, LOS ANGELES, CA",,,,,,,
FRIED SHRIMP,20.99,,SAEKDONG JUHGORI,"UBEREATS, LOS ANGELES, CA",,,,,,,
FRIED SQUID,23.99,,SAEKDONG JUHGORI,"UBEREATS, LOS ANGELES, CA",,,,,,,
DON KATSU,20.99,,SAEKDONG JUHGORI,"UBEREATS, LOS ANGELES, CA",,,,,,,
FRIED CHICKEN GIZZARD,20.99,,SAEKDONG JUHGORI,"UBEREATS, LOS ANGELES, CA",,,,,,,
FRIED WINGS,21.99,,SAEKDONG JUHGORI,"UBEREATS, LOS ANGELES, CA",,,,,,,
SPICY FRIED WINGS,21.99,,SAEKDONG JUHGORI,"UBEREATS, LOS ANGELES, CA",,,,,,,
FRIED BRUSSELS SPROUT AND GARLIC,17.99,,SAEKDONG JUHGORI,"UBEREATS, LOS ANGELES, CA",,,,,,,
FRIED CHICKEN WITH SEASONED SCALLION,23.99,,SAEKDONG JUHGORI,"UBEREATS, LOS ANGELES, CA",,,,,,,
DEEP FRIED HONEY CHICKEN,23.99,,SAEKDONG JUHGORI,"UBEREATS, LOS ANGELES, CA",,,,,,,
SWEET AND SOUR CHICKEN,23.99,,SAEKDONG JUHGORI,"UBEREATS, LOS ANGELES, CA",,,,,,,
RICE CAKE SKEWER,10.99,,SAEKDONG JUHGORI,"UBEREATS, LOS ANGELES, CA",,,,,,,
TAKOYAKI,11.99,,SAEKDONG JUHGORI,"UBEREATS, LOS ANGELES, CA",,,,,,,
STEAMED EGG,10.99,,SAEKDONG JUHGORI,"UBEREATS, LOS ANGELES, CA",,,,,,,
BUTTERED GINKO AND GARLIC,14.99,,SAEKDONG JUHGORI,"UBEREATS, LOS ANGELES, CA",,,,,,,
SPAM & FRENCH FRIES,11.99,,SAEKDONG JUHGORI,"UBEREATS, LOS ANGELES, CA",,,,,,,
CHEESED FRENCH FRIES,13.99,,SAEKDONG JUHGORI,"UBEREATS, LOS ANGELES, CA",,,,,,,
FRIED SQUID LEGS,15.99,,SAEKDONG JUHGORI,"UBEREATS, LOS ANGELES, CA",,,,,,,
BUTTERED CORN ON THE COB,11.99,,SAEKDONG JUHGORI,"UBEREATS, LOS ANGELES, CA",,,,,,,
CORN CHEESE,11.99,,SAEKDONG JUHGORI,"UBEREATS, LOS ANGELES, CA",,,,,,,
