name,price_usd,calories,restaurant_name,identifier,sugars_g,cholesterol_mg,protein_g,fiber_g,fat_g,carbohydrates_g,sodium_mg
TURKEY & BRIE SANDWICH,9.99,,FAIRGROUNDS COFFEE (7TH STREET),"UBEREATS, LOS ANGELES, CA",,,,,,,
PESTO CAPRESE SANDWICH,9.99,,FAIRGROUNDS COFFEE (7TH STREET),"UBEREATS, LOS ANGELES, CA",,,,,,,
SAUSAGE & PEPPER SANDWICH,9.99,,FAIRGROUNDS COFFEE (7TH STREET),"UBEREATS, LOS ANGELES, CA",,,,,,,
AÇAÍ BOWL,11.99,,FAIRGROUNDS COFFEE (7TH STREET),"UBEREATS, LOS ANGELES, CA",,,,,,,
FLIGHT,12.89,,FAIRGROUNDS COFFEE (7TH STREET),"UBEREATS, LOS ANGELES, CA",,,,,,,
VEGAN BREAKFAST SANDWICH,5.79,,FAIRGROUNDS COFFEE (7TH STREET),"UBEREATS, LOS ANGELES, CA",,,,,,,
NY BAGEL & CREAM CHEESE,3.49,,FAIRGROUNDS COFFEE (7TH STREET),"UBEREATS, LOS ANGELES, CA",,,,,,,
LOX PLATTER,10.99,,FAIRGROUNDS COFFEE (7TH STREET),"UBEREATS, LOS ANGELES, CA",,,,,,,
KALE SALAD,8.99,,FAIRGROUNDS COFFEE (7TH STREET),"UBEREATS, LOS ANGELES, CA",,,,,,,
SANTE FE SALAD,8.99,,FAIRGROUNDS COFFEE (7TH STREET),"UBEREATS, LOS ANGELES, CA",,,,,,,
HUMMUS & RICE BOWL,9.99,,FAIRGROUNDS COFFEE (7TH STREET),"UBEREATS, LOS ANGELES, CA",,,,,,,
ROAST BEEF SANDWICH,10.49,,FAIRGROUNDS COFFEE (7TH STREET),"UBEREATS, LOS ANGELES, CA",,,,,,,
ROASTED VEGETABLE SANDWICH,8.99,,FAIRGROUNDS COFFEE (7TH STREET),"UBEREATS, LOS ANGELES, CA",,,,,,,
GRILLED CHEESE & TOMATO SOUP,8.49,,FAIRGROUNDS COFFEE (7TH STREET),"UBEREATS, LOS ANGELES, CA",,,,,,,
FAIRGROUNDS AVOCADO TOAST,8.99,,FAIRGROUNDS COFFEE (7TH STREET),"UBEREATS, LOS ANGELES, CA",,,,,,,
GIANT PRETZEL,6.99,,FAIRGROUNDS COFFEE (7TH STREET),"UBEREATS, LOS ANGELES, CA",,,,,,,
FUNNEL CAKE FRIES,5.99,,FAIRGROUNDS COFFEE (7TH STREET),"UBEREATS, LOS ANGELES, CA",,,,,,,
MINI CORN DOGS,8.99,,FAIRGROUNDS COFFEE (7TH STREET),"UBEREATS, LOS ANGELES, CA",,,,,,,
NOA'S GRILLED CHEESE & TOMATO SOUP DUNKERS,5.99,,FAIRGROUNDS COFFEE (7TH STREET),"UBEREATS, LOS ANGELES, CA",,,,,,,
MILA'S NOODLES,5.99,,FAIRGROUNDS COFFEE (7TH STREET),"UBEREATS, LOS ANGELES, CA",,,,,,,
RUBY'S ROLLUPS,5.99,,FAIRGROUNDS COFFEE (7TH STREET),"UBEREATS, LOS ANGELES, CA",,,,,,,
JACON GORDON'S MINI CORN DOGS,5.99,,FAIRGROUNDS COFFEE (7TH STREET),"UBEREATS, LOS ANGELES, CA",,,,,,,
COLECTIVO,2.99,,FAIRGROUNDS COFFEE (7TH STREET),"UBEREATS, LOS ANGELES, CA",,,,,,,
VERVE,4.29,,FAIRGROUNDS COFFEE (7TH STREET),"UBEREATS, LOS ANGELES, CA",,,,,,,
DARK MATTER,4.29,,FAIRGROUNDS COFFEE (7TH STREET),"UBEREATS, LOS ANGELES, CA",,,,,,,
STUMPTOWN,4.29,,FAIRGROUNDS COFFEE (7TH STREET),"UBEREATS, LOS ANGELES, CA",,,,,,,
SPY HOUSE,4.29,,FAIRGROUNDS COFFEE (7TH STREET),"UBEREATS, LOS ANGELES, CA",,,,,,,
GASLIGHT,3.79,,FAIRGROUNDS COFFEE (7TH STREET),"UBEREATS, LOS ANGELES, CA",,,,,,,
FORTHY MONKEY,3.29,,FAIRGROUNDS COFFEE (7TH STREET),"UBEREATS, LOS ANGELES, CA",,,,,,,
CORTADO,3.19,,FAIRGROUNDS COFFEE (7TH STREET),"UBEREATS, LOS ANGELES, CA",,,,,,,
CAPPUCCINO,3.19,,FAIRGROUNDS COFFEE (7TH STREET),"UBEREATS, LOS ANGELES, CA",,,,,,,
AMERICANO,3.19,,FAIRGROUNDS COFFEE (7TH STREET),"UBEREATS, LOS ANGELES, CA",,,,,,,
LATTE,3.99,,FAIRGROUNDS COFFEE (7TH STREET),"UBEREATS, LOS ANGELES, CA",,,,,,,
VOSGES CHOCOLATE TRUFFLE MOCHA,4.79,,FAIRGROUNDS COFFEE (7TH STREET),"UBEREATS, LOS ANGELES, CA",,,,,,,
TASTE ONE,5.29,,FAIRGROUNDS COFFEE (7TH STREET),"UBEREATS, LOS ANGELES, CA",,,,,,,
TASTE ALL FLIGHT,7.99,,FAIRGROUNDS COFFEE (7TH STREET),"UBEREATS, LOS ANGELES, CA",,,,,,,
MOONLIGHT JASMINE GREEN,3.75,,FAIRGROUNDS COFFEE (7TH STREET),"UBEREATS, LOS ANGELES, CA",,,,,,,
PEACH BLOSSOM WHITE TEA,3.75,,FAIRGROUNDS COFFEE (7TH STREET),"UBEREATS, LOS ANGELES, CA",,,,,,,
TURMERIC MANGO,3.75,,FAIRGROUNDS COFFEE (7TH STREET),"UBEREATS, LOS ANGELES, CA",,,,,,,
BLUEBERRY ROOIBOS,3.75,,FAIRGROUNDS COFFEE (7TH STREET),"UBEREATS, LOS ANGELES, CA",,,,,,,
DANDELION DETOX PU-ERH,3.75,,FAIRGROUNDS COFFEE (7TH STREET),"UBEREATS, LOS ANGELES, CA",,,,,,,
OMIJA BERRY BLUSH,3.75,,FAIRGROUNDS COFFEE (7TH STREET),"UBEREATS, LOS ANGELES, CA",,,,,,,
CHINA BREAKFAST,3.75,,FAIRGROUNDS COFFEE (7TH STREET),"UBEREATS, LOS ANGELES, CA",,,,,,,
COCONUT OOLONG,3.75,,FAIRGROUNDS COFFEE (7TH STREET),"UBEREATS, LOS ANGELES, CA",,,,,,,
MYSTIC MINT,3.75,,FAIRGROUNDS COFFEE (7TH STREET),"UBEREATS, LOS ANGELES, CA",,,,,,,
ROTATING SEASONAL SELECTION,3.75,,FAIRGROUNDS COFFEE (7TH STREET),"UBEREATS, LOS ANGELES, CA",,,,,,,
CHAI TEA LATTE,3.99,,FAIRGROUNDS COFFEE (7TH STREET),"UBEREATS, LOS ANGELES, CA",,,,,,,
TURMERIC GINGER LATTE,3.99,,FAIRGROUNDS COFFEE (7TH STREET),"UBEREATS, LOS ANGELES, CA",,,,,,,
ALTERNATIVE ENERGY,5.69,,FAIRGROUNDS COFFEE (7TH STREET),"UBEREATS, LOS ANGELES, CA",,,,,,,
POWER FLOWER MILK TEA,5.69,,FAIRGROUNDS COFFEE (7TH STREET),"UBEREATS, LOS ANGELES, CA",,,,,,,
VOSGES HOT CHOCOLATE,4.29,,FAIRGROUNDS COFFEE (7TH STREET),"UBEREATS, LOS ANGELES, CA",,,,,,,
VIETNAMESE COLD BREW,5.29,,FAIRGROUNDS COFFEE (7TH STREET),"UBEREATS, LOS ANGELES, CA",,,,,,,
GRANDPA IRV'S ESPREESO OLD FASHIONED,4.99,,FAIRGROUNDS COFFEE (7TH STREET),"UBEREATS, LOS ANGELES, CA",,,,,,,
STICKY CHAI TEA LATTE,5.29,,FAIRGROUNDS COFFEE (7TH STREET),"UBEREATS, LOS ANGELES, CA",,,,,,,
BUTTERSCOTCH CHAI,4.69,,FAIRGROUNDS COFFEE (7TH STREET),"UBEREATS, LOS ANGELES, CA",,,,,,,
SPICED PEAR MATCHA LATTE,5.49,,FAIRGROUNDS COFFEE (7TH STREET),"UBEREATS, LOS ANGELES, CA",,,,,,,
