name,price_usd,calories,restaurant_name,identifier,sugars_g,cholesterol_mg,protein_g,fiber_g,fat_g,carbohydrates_g,sodium_mg
2. HUEVOS RANCHEROS,12.5,,EL MAJAHUAL PUPUSERIA (1925 W TEMPLE ST),"UBEREATS, LOS ANGELES, CA",,,,,,,
QUESO CON LOROCO PUPUSAS,4.25,,EL MAJAHUAL PUPUSERIA (1925 W TEMPLE ST),"UBEREATS, LOS ANGELES, CA",,,,,,,
11. BRISKET ENCEBOLLADO COMBO,20.65,,EL MAJAHUAL PUPUSERIA (1925 W TEMPLE ST),"UBEREATS, LOS ANGELES, CA",,,,,,,
31. SOPA DE PATA,13.75,,EL MAJAHUAL PUPUSERIA (1925 W TEMPLE ST),"UBEREATS, LOS ANGELES, CA",,,,,,,
20. CHILE RELLENO DE POLLO,13.75,,EL MAJAHUAL PUPUSERIA (1925 W TEMPLE ST),"UBEREATS, LOS ANGELES, CA",,,,,,,
PAN CON POLLO,9.25,,EL MAJAHUAL PUPUSERIA (1925 W TEMPLE ST),"UBEREATS, LOS ANGELES, CA",,,,,,,
PASTELES DE CARNE DE PUERCO,7.69,,EL MAJAHUAL PUPUSERIA (1925 W TEMPLE ST),"UBEREATS, LOS ANGELES, CA",,,,,,,
PASTELES DE POLLO,7.69,,EL MAJAHUAL PUPUSERIA (1925 W TEMPLE ST),"UBEREATS, LOS ANGELES, CA",,,,,,,
EMPANADAS DE LECHE,7.69,,EL MAJAHUAL PUPUSERIA (1925 W TEMPLE ST),"UBEREATS, LOS ANGELES, CA",,,,,,,
TAMALES DE CHIPILIN CON FRIOL,2.5,,EL MAJAHUAL PUPUSERIA (1925 W TEMPLE ST),"UBEREATS, LOS ANGELES, CA",,,,,,,
TAMALES DE POLLO,2.5,,EL MAJAHUAL PUPUSERIA (1925 W TEMPLE ST),"UBEREATS, LOS ANGELES, CA",,,,,,,
TAMALES DE ELOTE,2.5,,EL MAJAHUAL PUPUSERIA (1925 W TEMPLE ST),"UBEREATS, LOS ANGELES, CA",,,,,,,
YUCA FRITA CON CHICHARRON,13.15,,EL MAJAHUAL PUPUSERIA (1925 W TEMPLE ST),"UBEREATS, LOS ANGELES, CA",,,,,,,
PLATANO FRITO CON FRIJOLES Y CREMA,12.29,,EL MAJAHUAL PUPUSERIA (1925 W TEMPLE ST),"UBEREATS, LOS ANGELES, CA",,,,,,,
32. SOPA DE POLLO,13.75,,EL MAJAHUAL PUPUSERIA (1925 W TEMPLE ST),"UBEREATS, LOS ANGELES, CA",,,,,,,
33. SOPA DE GALLINA,16.25,,EL MAJAHUAL PUPUSERIA (1925 W TEMPLE ST),"UBEREATS, LOS ANGELES, CA",,,,,,,
34. SOPA DE RES,13.75,,EL MAJAHUAL PUPUSERIA (1925 W TEMPLE ST),"UBEREATS, LOS ANGELES, CA",,,,,,,
35. SOPA DE CAMARON,13.75,,EL MAJAHUAL PUPUSERIA (1925 W TEMPLE ST),"UBEREATS, LOS ANGELES, CA",,,,,,,
36. SOPA DE PESCADO,15.35,,EL MAJAHUAL PUPUSERIA (1925 W TEMPLE ST),"UBEREATS, LOS ANGELES, CA",,,,,,,
37. SOPA DE PESCADO CON CAMARON,18.75,,EL MAJAHUAL PUPUSERIA (1925 W TEMPLE ST),"UBEREATS, LOS ANGELES, CA",,,,,,,
38. SOPA DE MARISCOS,17.5,,EL MAJAHUAL PUPUSERIA (1925 W TEMPLE ST),"UBEREATS, LOS ANGELES, CA",,,,,,,
39. SOPA DE CHIPLIN CON COSTILLAS DE PUERCO,13.75,,EL MAJAHUAL PUPUSERIA (1925 W TEMPLE ST),"UBEREATS, LOS ANGELES, CA",,,,,,,
40. SOPA DE CHORIZO CON HUEVO,13.75,,EL MAJAHUAL PUPUSERIA (1925 W TEMPLE ST),"UBEREATS, LOS ANGELES, CA",,,,,,,
1. HUEVOS REUELTOS,12.5,,EL MAJAHUAL PUPUSERIA (1925 W TEMPLE ST),"UBEREATS, LOS ANGELES, CA",,,,,,,
3. HUEVOS ESTRELLADOS CON 2 CHORIOZS ASADOS CON CASAMIENTO O FRIJOLES,15.0,,EL MAJAHUAL PUPUSERIA (1925 W TEMPLE ST),"UBEREATS, LOS ANGELES, CA",,,,,,,
4. HUEVOS CON CHORIZO,12.5,,EL MAJAHUAL PUPUSERIA (1925 W TEMPLE ST),"UBEREATS, LOS ANGELES, CA",,,,,,,
5. HUEVOS REVUELTOS CON JAMON,12.5,,EL MAJAHUAL PUPUSERIA (1925 W TEMPLE ST),"UBEREATS, LOS ANGELES, CA",,,,,,,
6. HUEVOS CON EJOTES,12.5,,EL MAJAHUAL PUPUSERIA (1925 W TEMPLE ST),"UBEREATS, LOS ANGELES, CA",,,,,,,
7. HUEVOS CON PAPAS,12.5,,EL MAJAHUAL PUPUSERIA (1925 W TEMPLE ST),"UBEREATS, LOS ANGELES, CA",,,,,,,
QUESO PUPUSAS,3.89,,EL MAJAHUAL PUPUSERIA (1925 W TEMPLE ST),"UBEREATS, LOS ANGELES, CA",,,,,,,
QUESO CON CALABAZA PUPUSAS,4.25,,EL MAJAHUAL PUPUSERIA (1925 W TEMPLE ST),"UBEREATS, LOS ANGELES, CA",,,,,,,
QUESO CON FRIJOL PUPUSAS,3.89,,EL MAJAHUAL PUPUSERIA (1925 W TEMPLE ST),"UBEREATS, LOS ANGELES, CA",,,,,,,
QUESO CON CHICHARRON PUPUSAS,3.89,,EL MAJAHUAL PUPUSERIA (1925 W TEMPLE ST),"UBEREATS, LOS ANGELES, CA",,,,,,,
REVUELTAS PUPUSAS,3.89,,EL MAJAHUAL PUPUSERIA (1925 W TEMPLE ST),"UBEREATS, LOS ANGELES, CA",,,,,,,
CHICHARRO PUPUSAS,3.89,,EL MAJAHUAL PUPUSERIA (1925 W TEMPLE ST),"UBEREATS, LOS ANGELES, CA",,,,,,,
DE HARINA DE ARROZ,4.95,,EL MAJAHUAL PUPUSERIA (1925 W TEMPLE ST),"UBEREATS, LOS ANGELES, CA",,,,,,,
27. CAMARONES RANCHEROS,15.35,,EL MAJAHUAL PUPUSERIA (1925 W TEMPLE ST),"UBEREATS, LOS ANGELES, CA",,,,,,,
28. CAMARONES A LA DIABLA,15.35,,EL MAJAHUAL PUPUSERIA (1925 W TEMPLE ST),"UBEREATS, LOS ANGELES, CA",,,,,,,
29. COCTEL DE CAMARONES,15.0,,EL MAJAHUAL PUPUSERIA (1925 W TEMPLE ST),"UBEREATS, LOS ANGELES, CA",,,,,,,
30. CAMARONES A LA PLANCHA,16.25,,EL MAJAHUAL PUPUSERIA (1925 W TEMPLE ST),"UBEREATS, LOS ANGELES, CA",,,,,,,
8. CARNE ASADA COMBO,20.65,,EL MAJAHUAL PUPUSERIA (1925 W TEMPLE ST),"UBEREATS, LOS ANGELES, CA",,,,,,,
9. CARNE GUISADA COMBO,15.35,,EL MAJAHUAL PUPUSERIA (1925 W TEMPLE ST),"UBEREATS, LOS ANGELES, CA",,,,,,,
10. CARNE DESHILADA COMBO,13.75,,EL MAJAHUAL PUPUSERIA (1925 W TEMPLE ST),"UBEREATS, LOS ANGELES, CA",,,,,,,
12. BRISKET PICADO,20.65,,EL MAJAHUAL PUPUSERIA (1925 W TEMPLE ST),"UBEREATS, LOS ANGELES, CA",,,,,,,
13. FAJITA DE RES,20.65,,EL MAJAHUAL PUPUSERIA (1925 W TEMPLE ST),"UBEREATS, LOS ANGELES, CA",,,,,,,
14. FAJITAS MIXTAS,18.75,,EL MAJAHUAL PUPUSERIA (1925 W TEMPLE ST),"UBEREATS, LOS ANGELES, CA",,,,,,,
15. POLLO A LA ASADA,13.75,,EL MAJAHUAL PUPUSERIA (1925 W TEMPLE ST),"UBEREATS, LOS ANGELES, CA",,,,,,,
16. POLLO ENCEBOLLADO,13.75,,EL MAJAHUAL PUPUSERIA (1925 W TEMPLE ST),"UBEREATS, LOS ANGELES, CA",,,,,,,
17. POLLO A LA PLANCA,13.75,,EL MAJAHUAL PUPUSERIA (1925 W TEMPLE ST),"UBEREATS, LOS ANGELES, CA",,,,,,,
18. CHORIZO ASADA,13.75,,EL MAJAHUAL PUPUSERIA (1925 W TEMPLE ST),"UBEREATS, LOS ANGELES, CA",,,,,,,
19. CHORIZO GUISADO,13.75,,EL MAJAHUAL PUPUSERIA (1925 W TEMPLE ST),"UBEREATS, LOS ANGELES, CA",,,,,,,
21. CHILE RELLENO DE CARNE DE PUERCO,13.15,,EL MAJAHUAL PUPUSERIA (1925 W TEMPLE ST),"UBEREATS, LOS ANGELES, CA",,,,,,,
22. SALPICON,15.35,,EL MAJAHUAL PUPUSERIA (1925 W TEMPLE ST),"UBEREATS, LOS ANGELES, CA",,,,,,,
23. MOJARRA FRITA,15.35,,EL MAJAHUAL PUPUSERIA (1925 W TEMPLE ST),"UBEREATS, LOS ANGELES, CA",,,,,,,
24. FILETE DE PESCADO A LA PLANCHA,15.35,,EL MAJAHUAL PUPUSERIA (1925 W TEMPLE ST),"UBEREATS, LOS ANGELES, CA",,,,,,,
25. COSTILLAS DE PUERCO ENTOMATADA,15.35,,EL MAJAHUAL PUPUSERIA (1925 W TEMPLE ST),"UBEREATS, LOS ANGELES, CA",,,,,,,
26. BURRITO DE POLLO Y CARNE,12.39,,EL MAJAHUAL PUPUSERIA (1925 W TEMPLE ST),"UBEREATS, LOS ANGELES, CA",,,,,,,
BEBIDAS,2.19,,EL MAJAHUAL PUPUSERIA (1925 W TEMPLE ST),"UBEREATS, LOS ANGELES, CA",,,,,,,
SODA,1.59,,EL MAJAHUAL PUPUSERIA (1925 W TEMPLE ST),"UBEREATS, LOS ANGELES, CA",,,,,,,
BEBIDAS CALIENTES,3.15,,EL MAJAHUAL PUPUSERIA (1925 W TEMPLE ST),"UBEREATS, LOS ANGELES, CA",,,,,,,
TAZA DE CHOCOLATE,3.15,,EL MAJAHUAL PUPUSERIA (1925 W TEMPLE ST),"UBEREATS, LOS ANGELES, CA",,,,,,,
TAZA DE CAFE,2.5,,EL MAJAHUAL PUPUSERIA (1925 W TEMPLE ST),"UBEREATS, LOS ANGELES, CA",,,,,,,
TAZA DE TE,2.5,,EL MAJAHUAL PUPUSERIA (1925 W TEMPLE ST),"UBEREATS, LOS ANGELES, CA",,,,,,,
ATOL DE ELOTE,3.15,,EL MAJAHUAL PUPUSERIA (1925 W TEMPLE ST),"UBEREATS, LOS ANGELES, CA",,,,,,,
ETOL DE PINEAPPLE,3.15,,EL MAJAHUAL PUPUSERIA (1925 W TEMPLE ST),"UBEREATS, LOS ANGELES, CA",,,,,,,
