name,price_usd,calories,restaurant_name,identifier,sugars_g,cholesterol_mg,protein_g,fiber_g,fat_g,carbohydrates_g,sodium_mg
LIBRA BARBACOA SIN HUESO,19.75,,EL BORREGO DE ORO #2,"UBEREATS, LOS ANGELES, CA",,,,,,,
ORDEN DE BARBACOA,19.5,,EL BORREGO DE ORO #2,"UBEREATS, LOS ANGELES, CA",,,,,,,
PANCITA ROJA 1/2 LB,9.8,,EL BORREGO DE ORO #2,"UBEREATS, LOS ANGELES, CA",,,,,,,
PANCITA VERDE 1LB,19.75,,EL BORREGO DE ORO #2,"UBEREATS, LOS ANGELES, CA",,,,,,,
PANCITA ROJA 1LB,19.75,,EL BORREGO DE ORO #2,"UBEREATS, LOS ANGELES, CA",,,,,,,
CHULETAS DE BORREGO,12.5,,EL BORREGO DE ORO #2,"UBEREATS, LOS ANGELES, CA",,,,,,,
BISTEK A LA MEXICANA,11.99,,EL BORREGO DE ORO #2,"UBEREATS, LOS ANGELES, CA",,,,,,,
1 QUESADILLA DE MAIZ DE HUITLACOCHE Y 1 QUESADILLA DE MAIZ DE FLOR DE CALABAZA,11.89,,EL BORREGO DE ORO #2,"UBEREATS, LOS ANGELES, CA",,,,,,,
ENSALADA DE NOPALES,7.59,,EL BORREGO DE ORO #2,"UBEREATS, LOS ANGELES, CA",,,,,,,
MILANESA DE POLLO,11.89,,EL BORREGO DE ORO #2,"UBEREATS, LOS ANGELES, CA",,,,,,,
BURRITO DE BARBACOA,10.89,,EL BORREGO DE ORO #2,"UBEREATS, LOS ANGELES, CA",,,,,,,
BURRITO DE ASADA,8.89,,EL BORREGO DE ORO #2,"UBEREATS, LOS ANGELES, CA",,,,,,,
"BEAN, RICE, AND CHEESE BURRITO",6.89,,EL BORREGO DE ORO #2,"UBEREATS, LOS ANGELES, CA",,,,,,,
WET BURRITO VEGETARIAN-FED LAMB,11.49,,EL BORREGO DE ORO #2,"UBEREATS, LOS ANGELES, CA",,,,,,,
TORTA DE MILANESA,9.5,,EL BORREGO DE ORO #2,"UBEREATS, LOS ANGELES, CA",,,,,,,
CHILE RELLENOS,10.49,,EL BORREGO DE ORO #2,"UBEREATS, LOS ANGELES, CA",,,,,,,
STEAK(ASADA) SOPES,11.49,,EL BORREGO DE ORO #2,"UBEREATS, LOS ANGELES, CA",,,,,,,
QUESADILLA DE HARINA DE ASADA,9.49,,EL BORREGO DE ORO #2,"UBEREATS, LOS ANGELES, CA",,,,,,,
TORTA DE BARBACOA,9.5,,EL BORREGO DE ORO #2,"UBEREATS, LOS ANGELES, CA",,,,,,,
TORTA DE ASADA,9.5,,EL BORREGO DE ORO #2,"UBEREATS, LOS ANGELES, CA",,,,,,,
TLACOYOS,11.5,,EL BORREGO DE ORO #2,"UBEREATS, LOS ANGELES, CA",,,,,,,
GORDITAS DE BARBACOA,11.89,,EL BORREGO DE ORO #2,"UBEREATS, LOS ANGELES, CA",,,,,,,
GORDITAS DE ASADA,11.89,,EL BORREGO DE ORO #2,"UBEREATS, LOS ANGELES, CA",,,,,,,
HUARACHE DE ASADA,10.89,,EL BORREGO DE ORO #2,"UBEREATS, LOS ANGELES, CA",,,,,,,
TACOS ASADA,7.49,,EL BORREGO DE ORO #2,"UBEREATS, LOS ANGELES, CA",,,,,,,
TACOS PASTOR,7.49,,EL BORREGO DE ORO #2,"UBEREATS, LOS ANGELES, CA",,,,,,,
RED ENCHILADAS DE QUESO,11.49,,EL BORREGO DE ORO #2,"UBEREATS, LOS ANGELES, CA",,,,,,,
RED ENCHILADAS DE POLLO,12.49,,EL BORREGO DE ORO #2,"UBEREATS, LOS ANGELES, CA",,,,,,,
TORTILLAS HECHAS A MANO DOZENA,6.5,,EL BORREGO DE ORO #2,"UBEREATS, LOS ANGELES, CA",,,,,,,
TORTILLAS HECHAS A MANO MEDIA DOZENA,3.5,,EL BORREGO DE ORO #2,"UBEREATS, LOS ANGELES, CA",,,,,,,
FRESH ORANGE JUICE (20 OZ),5.99,,EL BORREGO DE ORO #2,"UBEREATS, LOS ANGELES, CA",,,,,,,
FRESH CUCUMBER SPINACH WATER (32 OZ),4.25,,EL BORREGO DE ORO #2,"UBEREATS, LOS ANGELES, CA",,,,,,,
COCA- COLA BOTTLE (12 OZ),3.0,,EL BORREGO DE ORO #2,"UBEREATS, LOS ANGELES, CA",,,,,,,
TOPO-CHICO (MINERAL WATER 12 OZ),2.65,,EL BORREGO DE ORO #2,"UBEREATS, LOS ANGELES, CA",,,,,,,
STRAWBERRY AND BANANA SHAKE (20 OZ),5.99,,EL BORREGO DE ORO #2,"UBEREATS, LOS ANGELES, CA",,,,,,,
CAFÉ CALIENTE DE OLLA (12 OZ),3.49,,EL BORREGO DE ORO #2,"UBEREATS, LOS ANGELES, CA",,,,,,,
CHOCOLATE CALIENTE DE ABUELITA (12 OZ),3.49,,EL BORREGO DE ORO #2,"UBEREATS, LOS ANGELES, CA",,,,,,,
TACO DE BARBACOA 1/4 LB,4.65,,EL BORREGO DE ORO #2,"UBEREATS, LOS ANGELES, CA",,,,,,,
CONSOME DE BORREGO (16 OZ),6.35,,EL BORREGO DE ORO #2,"UBEREATS, LOS ANGELES, CA",,,,,,,
LIBRA DE BARBACOA CON HUESO,17.75,,EL BORREGO DE ORO #2,"UBEREATS, LOS ANGELES, CA",,,,,,,
MACHACA DE BORREGO,10.99,,EL BORREGO DE ORO #2,"UBEREATS, LOS ANGELES, CA",,,,,,,
RED ENCHILADAS DE BARBACOA,12.49,,EL BORREGO DE ORO #2,"UBEREATS, LOS ANGELES, CA",,,,,,,
CONSOME DE BORREGO GRANDE (32OZ),7.35,,EL BORREGO DE ORO #2,"UBEREATS, LOS ANGELES, CA",,,,,,,
ORDEN DE MIXIOTE DE BORREGO,11.99,,EL BORREGO DE ORO #2,"UBEREATS, LOS ANGELES, CA",,,,,,,
HUARACHE DE BARBACOA,10.89,,EL BORREGO DE ORO #2,"UBEREATS, LOS ANGELES, CA",,,,,,,
PANCITA VERDE 1/2 LB,9.8,,EL BORREGO DE ORO #2,"UBEREATS, LOS ANGELES, CA",,,,,,,
ORDEN DE PANCITA ROJA,19.5,,EL BORREGO DE ORO #2,"UBEREATS, LOS ANGELES, CA",,,,,,,
BREAKFAST BURRITO,8.99,,EL BORREGO DE ORO #2,"UBEREATS, LOS ANGELES, CA",,,,,,,
HUEVOS CON CHORIZO,8.99,,EL BORREGO DE ORO #2,"UBEREATS, LOS ANGELES, CA",,,,,,,
HUEVOS CON JAMON,8.99,,EL BORREGO DE ORO #2,"UBEREATS, LOS ANGELES, CA",,,,,,,
HUEVOS CON NOPALES,8.99,,EL BORREGO DE ORO #2,"UBEREATS, LOS ANGELES, CA",,,,,,,
HUEVOS DIVORCIADOS,8.99,,EL BORREGO DE ORO #2,"UBEREATS, LOS ANGELES, CA",,,,,,,
HUEVOS RANCHEROS,8.99,,EL BORREGO DE ORO #2,"UBEREATS, LOS ANGELES, CA",,,,,,,
HUEVOS A LA MEXICANA,8.99,,EL BORREGO DE ORO #2,"UBEREATS, LOS ANGELES, CA",,,,,,,
RED CHILAQUILES WITH SCRAMBLED EGGS,9.99,,EL BORREGO DE ORO #2,"UBEREATS, LOS ANGELES, CA",,,,,,,
RED CHILAQUILES DE ASADA,11.89,,EL BORREGO DE ORO #2,"UBEREATS, LOS ANGELES, CA",,,,,,,
CALDO DE ALBONDIGAS,10.99,,EL BORREGO DE ORO #2,"UBEREATS, LOS ANGELES, CA",,,,,,,
CALDO DE POLLO,10.99,,EL BORREGO DE ORO #2,"UBEREATS, LOS ANGELES, CA",,,,,,,
CALDO DE RES,10.99,,EL BORREGO DE ORO #2,"UBEREATS, LOS ANGELES, CA",,,,,,,
