name,price_usd,calories,restaurant_name,identifier,sugars_g,cholesterol_mg,protein_g,fiber_g,fat_g,carbohydrates_g,sodium_mg
FETTUCCINE,11.7,,LA PERGOLETTA ON SUNSET,"UBEREATS, LOS ANGELES, CA",,,,,,,
LASAGNA BOLOGNESE,22.75,,LA PERGOLETTA ON SUNSET,"UBEREATS, LOS ANGELES, CA",,,,,,,
PAPARADELLE,11.7,,LA PERGOLETTA ON SUNSET,"UBEREATS, LOS ANGELES, CA",,,,,,,
GNOCCHI RIPIENI,16.5,,LA PERGOLETTA ON SUNSET,"UBEREATS, LOS ANGELES, CA",,,,,,,
PENNE,11.7,,LA PERGOLETTA ON SUNSET,"UBEREATS, LOS ANGELES, CA",,,,,,,
ANTIPASTO MISTO,20.35,,LA PERGOLETTA ON SUNSET,"UBEREATS, LOS ANGELES, CA",,,,,,,
POLPETTE FILANTI,15.55,,LA PERGOLETTA ON SUNSET,"UBEREATS, LOS ANGELES, CA",,,,,,,
POLENTA GRIGLIANTA,14.35,,LA PERGOLETTA ON SUNSET,"UBEREATS, LOS ANGELES, CA",,,,,,,
CLASSICA,10.2,,LA PERGOLETTA ON SUNSET,"UBEREATS, LOS ANGELES, CA",,,,,,,
BRUSCHETTA MOZZARELLA,11.4,,LA PERGOLETTA ON SUNSET,"UBEREATS, LOS ANGELES, CA",,,,,,,
BRUSCHETTA CAPRESE,12.6,,LA PERGOLETTA ON SUNSET,"UBEREATS, LOS ANGELES, CA",,,,,,,
BRUSCHETTA PARMA AND BRIE,15.55,,LA PERGOLETTA ON SUNSET,"UBEREATS, LOS ANGELES, CA",,,,,,,
BRUSCHETTA DI BURRATA,13.8,,LA PERGOLETTA ON SUNSET,"UBEREATS, LOS ANGELES, CA",,,,,,,
CAPRESE,12.6,,LA PERGOLETTA ON SUNSET,"UBEREATS, LOS ANGELES, CA",,,,,,,
INSALATA MISTA,10.7,,LA PERGOLETTA ON SUNSET,"UBEREATS, LOS ANGELES, CA",,,,,,,
INSALATA STELLA,12.6,,LA PERGOLETTA ON SUNSET,"UBEREATS, LOS ANGELES, CA",,,,,,,
BURRATA SALAD,16.75,,LA PERGOLETTA ON SUNSET,"UBEREATS, LOS ANGELES, CA",,,,,,,
INSALATA PERGOLETTA,16.75,,LA PERGOLETTA ON SUNSET,"UBEREATS, LOS ANGELES, CA",,,,,,,
LATTUGA ALLA CESARE,13.8,,LA PERGOLETTA ON SUNSET,"UBEREATS, LOS ANGELES, CA",,,,,,,
INSALATA PANZANELLA,13.8,,LA PERGOLETTA ON SUNSET,"UBEREATS, LOS ANGELES, CA",,,,,,,
SPAGHETTI,11.7,,LA PERGOLETTA ON SUNSET,"UBEREATS, LOS ANGELES, CA",,,,,,,
FETTUCCINE VERDI,11.7,,LA PERGOLETTA ON SUNSET,"UBEREATS, LOS ANGELES, CA",,,,,,,
RIGATONI,11.7,,LA PERGOLETTA ON SUNSET,"UBEREATS, LOS ANGELES, CA",,,,,,,
GNOCCHI,11.7,,LA PERGOLETTA ON SUNSET,"UBEREATS, LOS ANGELES, CA",,,,,,,
CAPELLI D ANGELO,11.7,,LA PERGOLETTA ON SUNSET,"UBEREATS, LOS ANGELES, CA",,,,,,,
FUSILLI,11.7,,LA PERGOLETTA ON SUNSET,"UBEREATS, LOS ANGELES, CA",,,,,,,
RAVIOLINI DI BRASATO,16.5,,LA PERGOLETTA ON SUNSET,"UBEREATS, LOS ANGELES, CA",,,,,,,
RAVIOLI VERDI MOZZARELLA,16.5,,LA PERGOLETTA ON SUNSET,"UBEREATS, LOS ANGELES, CA",,,,,,,
MEZZE LUNA DI RICOTTA E NOCI,16.5,,LA PERGOLETTA ON SUNSET,"UBEREATS, LOS ANGELES, CA",,,,,,,
RAVIOLINI DI BRIE E ALBICOCCHE,16.5,,LA PERGOLETTA ON SUNSET,"UBEREATS, LOS ANGELES, CA",,,,,,,
RAVIOLI DI RICOTTA E SPINACI,16.5,,LA PERGOLETTA ON SUNSET,"UBEREATS, LOS ANGELES, CA",,,,,,,
LASAGNA BOSCAIOLA,25.15,,LA PERGOLETTA ON SUNSET,"UBEREATS, LOS ANGELES, CA",,,,,,,
RISSOTO DEL MARE,27.55,,LA PERGOLETTA ON SUNSET,"UBEREATS, LOS ANGELES, CA",,,,,,,
RISSOTTO AI FINGHI,26.35,,LA PERGOLETTA ON SUNSET,"UBEREATS, LOS ANGELES, CA",,,,,,,
RISOTTO DI GAMBERI,26.35,,LA PERGOLETTA ON SUNSET,"UBEREATS, LOS ANGELES, CA",,,,,,,
RISOTTO DI BURRATA E POMODORO,25.15,,LA PERGOLETTA ON SUNSET,"UBEREATS, LOS ANGELES, CA",,,,,,,
FETTUCCINE NERO DI SEPPIA AI FRUTTI DI MARE,28.75,,LA PERGOLETTA ON SUNSET,"UBEREATS, LOS ANGELES, CA",,,,,,,
PAPPARDELLE BOSCAIOLA,21.55,,LA PERGOLETTA ON SUNSET,"UBEREATS, LOS ANGELES, CA",,,,,,,
CIOPPINO SOUP,27.55,,LA PERGOLETTA ON SUNSET,"UBEREATS, LOS ANGELES, CA",,,,,,,
SALMONE CON RISOTTO DI LIMONE,27.55,,LA PERGOLETTA ON SUNSET,"UBEREATS, LOS ANGELES, CA",,,,,,,
SALMONE IN GUAZZETTO,27.55,,LA PERGOLETTA ON SUNSET,"UBEREATS, LOS ANGELES, CA",,,,,,,
POLPETTONE 4 FORMAGGI,25.15,,LA PERGOLETTA ON SUNSET,"UBEREATS, LOS ANGELES, CA",,,,,,,
TAGLIATE CLASSICA,21.0,,LA PERGOLETTA ON SUNSET,"UBEREATS, LOS ANGELES, CA",,,,,,,
TAGIATA ALLA CREMA DI FUNGHI,21.55,,LA PERGOLETTA ON SUNSET,"UBEREATS, LOS ANGELES, CA",,,,,,,
TAGLIATA PIZZAIOLA,21.55,,LA PERGOLETTA ON SUNSET,"UBEREATS, LOS ANGELES, CA",,,,,,,
FILETTO IN PADELLA,21.55,,LA PERGOLETTA ON SUNSET,"UBEREATS, LOS ANGELES, CA",,,,,,,
PANNA COTTA (NUTELLA),8.35,,LA PERGOLETTA ON SUNSET,"UBEREATS, LOS ANGELES, CA",,,,,,,
PANNA COTTA (FRUTTI DI BOSCO),8.35,,LA PERGOLETTA ON SUNSET,"UBEREATS, LOS ANGELES, CA",,,,,,,
PENNE COTTE (CARAMELLO),8.35,,LA PERGOLETTA ON SUNSET,"UBEREATS, LOS ANGELES, CA",,,,,,,
COKE,3.6,,LA PERGOLETTA ON SUNSET,"UBEREATS, LOS ANGELES, CA",,,,,,,
DIET COKE,3.6,,LA PERGOLETTA ON SUNSET,"UBEREATS, LOS ANGELES, CA",,,,,,,
FANTA,3.6,,LA PERGOLETTA ON SUNSET,"UBEREATS, LOS ANGELES, CA",,,,,,,
SPRITE,3.6,,LA PERGOLETTA ON SUNSET,"UBEREATS, LOS ANGELES, CA",,,,,,,
SAN PELLIGRINO,3.6,,LA PERGOLETTA ON SUNSET,"UBEREATS, LOS ANGELES, CA",,,,,,,
FERRARELLE WATER,6.3,,LA PERGOLETTA ON SUNSET,"UBEREATS, LOS ANGELES, CA",,,,,,,
SOLE,5.1,,LA PERGOLETTA ON SUNSET,"UBEREATS, LOS ANGELES, CA",,,,,,,
MIGHTY LEAF HOT TEA,4.2,,LA PERGOLETTA ON SUNSET,"UBEREATS, LOS ANGELES, CA",,,,,,,
MIGHTY LEAF CAMOMILLE,4.2,,LA PERGOLETTA ON SUNSET,"UBEREATS, LOS ANGELES, CA",,,,,,,
ESPRESSO,3.55,,LA PERGOLETTA ON SUNSET,"UBEREATS, LOS ANGELES, CA",,,,,,,
"SPAGHETTI, FETTUCCINE OR PENNE",6.6,,LA PERGOLETTA ON SUNSET,"UBEREATS, LOS ANGELES, CA",,,,,,,
TWO MEATBALLS IN MARIANRA SAUCE,6.6,,LA PERGOLETTA ON SUNSET,"UBEREATS, LOS ANGELES, CA",,,,,,,
