name,price_usd,calories,restaurant_name,identifier,sugars_g,cholesterol_mg,protein_g,fiber_g,fat_g,carbohydrates_g,sodium_mg
VANILLA BEAN PINT,13.75,,RORI'S ARTISANAL CREAMERY,"UBEREATS, LOS ANGELES, CA",,,,,,,
PASSION FRUIT (VEGAN) PINT,13.75,,RORI'S ARTISANAL CREAMERY,"UBEREATS, LOS ANGELES, CA",,,,,,,
LEMON CURD PINT,13.75,,RORI'S ARTISANAL CREAMERY,"UBEREATS, LOS ANGELES, CA",,,,,,,
MILK CHOCOLATE CHUNK PINT,13.75,,RORI'S ARTISANAL CREAMERY,"UBEREATS, LOS ANGELES, CA",,,,,,,
ROMAN'S CHOCOLATE COCONUT (DAIRY FREE) PINT,13.75,,RORI'S ARTISANAL CREAMERY,"UBEREATS, LOS ANGELES, CA",,,,,,,
ROOT BEER FLOAT PINT,13.75,,RORI'S ARTISANAL CREAMERY,"UBEREATS, LOS ANGELES, CA",,,,,,,
