name,price_usd,calories,restaurant_name,identifier,sugars_g,cholesterol_mg,protein_g,fiber_g,fat_g,carbohydrates_g,sodium_mg
BURRITO COMBO,8.0,,EL TACO MEXICANO,"UBEREATS, LOS ANGELES, CA",,,,,,,
MEAT & RICE WITH CHEESE,8.0,,EL TACO MEXICANO,"UBEREATS, LOS ANGELES, CA",,,,,,,
SUPER COMBO,10.75,,EL TACO MEXICANO,"UBEREATS, LOS ANGELES, CA",,,,,,,
THREE ENCHILADAS,11.5,,EL TACO MEXICANO,"UBEREATS, LOS ANGELES, CA",,,,,,,
TWO ENCHILADAS,9.5,,EL TACO MEXICANO,"UBEREATS, LOS ANGELES, CA",,,,,,,
SOFT SHELL TACOS,4.5,,EL TACO MEXICANO,"UBEREATS, LOS ANGELES, CA",,,,,,,
SOFT SHELL TACO SHRIMP,3.75,,EL TACO MEXICANO,"UBEREATS, LOS ANGELES, CA",,,,,,,
HARD SHELL TACOS,3.0,,EL TACO MEXICANO,"UBEREATS, LOS ANGELES, CA",,,,,,,
GROUND BEEF & CHICKEN (SOFT SHELL),3.25,,EL TACO MEXICANO,"UBEREATS, LOS ANGELES, CA",,,,,,,
MEAT,7.25,,EL TACO MEXICANO,"UBEREATS, LOS ANGELES, CA",,,,,,,
MEAT & BEAN,6.5,,EL TACO MEXICANO,"UBEREATS, LOS ANGELES, CA",,,,,,,
BEAN,4.5,,EL TACO MEXICANO,"UBEREATS, LOS ANGELES, CA",,,,,,,
MEAT & BEAN WITH CHEESE,8.0,,EL TACO MEXICANO,"UBEREATS, LOS ANGELES, CA",,,,,,,
SHRIMP COMBO,9.0,,EL TACO MEXICANO,"UBEREATS, LOS ANGELES, CA",,,,,,,
VEGGIE BURRITO,7.25,,EL TACO MEXICANO,"UBEREATS, LOS ANGELES, CA",,,,,,,
MEAT & RICE,7.5,,EL TACO MEXICANO,"UBEREATS, LOS ANGELES, CA",,,,,,,
ALL MEAT WITH CHEESE,8.5,,EL TACO MEXICANO,"UBEREATS, LOS ANGELES, CA",,,,,,,
ALL MEAT,8.5,,EL TACO MEXICANO,"UBEREATS, LOS ANGELES, CA",,,,,,,
THE BELLY BUSTER,12.75,,EL TACO MEXICANO,"UBEREATS, LOS ANGELES, CA",,,,,,,
SHRIMP BURRITO WITH CHEESE ONLY,9.5,,EL TACO MEXICANO,"UBEREATS, LOS ANGELES, CA",,,,,,,
ALL BEAN,4.25,,EL TACO MEXICANO,"UBEREATS, LOS ANGELES, CA",,,,,,,
BEAN & CHEESE,5.0,,EL TACO MEXICANO,"UBEREATS, LOS ANGELES, CA",,,,,,,
BEAN & RICE,4.25,,EL TACO MEXICANO,"UBEREATS, LOS ANGELES, CA",,,,,,,
"BEAN, RICE & CHEESE",5.0,,EL TACO MEXICANO,"UBEREATS, LOS ANGELES, CA",,,,,,,
QUESADILLA,5.25,,EL TACO MEXICANO,"UBEREATS, LOS ANGELES, CA",,,,,,,
QUESADILLA WITH ASADA,7.25,,EL TACO MEXICANO,"UBEREATS, LOS ANGELES, CA",,,,,,,
QUESADILLA PLATE ASADA,8.5,,EL TACO MEXICANO,"UBEREATS, LOS ANGELES, CA",,,,,,,
CHICKEN QUESADILLA,7.25,,EL TACO MEXICANO,"UBEREATS, LOS ANGELES, CA",,,,,,,
QUESADILLA PLATE,8.5,,EL TACO MEXICANO,"UBEREATS, LOS ANGELES, CA",,,,,,,
BURRITO & TACO OF YOUR CHOICE,12.0,,EL TACO MEXICANO,"UBEREATS, LOS ANGELES, CA",,,,,,,
ONE ENCHILADA,9.0,,EL TACO MEXICANO,"UBEREATS, LOS ANGELES, CA",,,,,,,
TWO HARD SHELL TACOS,8.25,,EL TACO MEXICANO,"UBEREATS, LOS ANGELES, CA",,,,,,,
TWO SOFT SHELL TACOS,8.75,,EL TACO MEXICANO,"UBEREATS, LOS ANGELES, CA",,,,,,,
ONE MEAT & CHEESE BURRITO,9.5,,EL TACO MEXICANO,"UBEREATS, LOS ANGELES, CA",,,,,,,
THREE TACOS HARD SHELL,9.5,,EL TACO MEXICANO,"UBEREATS, LOS ANGELES, CA",,,,,,,
THREE TACOS SOFT SHELL,10.5,,EL TACO MEXICANO,"UBEREATS, LOS ANGELES, CA",,,,,,,
"BEEF, CHICKEN & CHEESE & ONION",4.5,,EL TACO MEXICANO,"UBEREATS, LOS ANGELES, CA",,,,,,,
XTRA MEAT,4.0,,EL TACO MEXICANO,"UBEREATS, LOS ANGELES, CA",,,,,,,
WET BURRITO,1.25,,EL TACO MEXICANO,"UBEREATS, LOS ANGELES, CA",,,,,,,
SIDE OF BEANS,3.0,,EL TACO MEXICANO,"UBEREATS, LOS ANGELES, CA",,,,,,,
SIDE OF RICE AND CHEESE,3.5,,EL TACO MEXICANO,"UBEREATS, LOS ANGELES, CA",,,,,,,
SIDE OF RICE,3.0,,EL TACO MEXICANO,"UBEREATS, LOS ANGELES, CA",,,,,,,
"SIDE OF RICE, BEANS AND CHEESE",3.5,,EL TACO MEXICANO,"UBEREATS, LOS ANGELES, CA",,,,,,,
SIDE OF BEANS AND CHEESE,3.5,,EL TACO MEXICANO,"UBEREATS, LOS ANGELES, CA",,,,,,,
SIDE OF RICE AND BEANS,3.0,,EL TACO MEXICANO,"UBEREATS, LOS ANGELES, CA",,,,,,,
GUACAMOLE & AVOCADO,1.5,,EL TACO MEXICANO,"UBEREATS, LOS ANGELES, CA",,,,,,,
JALAPENOS,0.25,,EL TACO MEXICANO,"UBEREATS, LOS ANGELES, CA",,,,,,,
YELLOW PEPPERS,0.25,,EL TACO MEXICANO,"UBEREATS, LOS ANGELES, CA",,,,,,,
EXTRA CHEESE ON TACO,0.5,,EL TACO MEXICANO,"UBEREATS, LOS ANGELES, CA",,,,,,,
SOUR CREAM,1.0,,EL TACO MEXICANO,"UBEREATS, LOS ANGELES, CA",,,,,,,
EXTRA TORTILLA,0.75,,EL TACO MEXICANO,"UBEREATS, LOS ANGELES, CA",,,,,,,
LETTUCE,0.5,,EL TACO MEXICANO,"UBEREATS, LOS ANGELES, CA",,,,,,,
POTATO,0.75,,EL TACO MEXICANO,"UBEREATS, LOS ANGELES, CA",,,,,,,
TOMATO,0.75,,EL TACO MEXICANO,"UBEREATS, LOS ANGELES, CA",,,,,,,
PICO DE GALLO,0.75,,EL TACO MEXICANO,"UBEREATS, LOS ANGELES, CA",,,,,,,
XTRA CHEESE ON BURRITO & PLATE,1.25,,EL TACO MEXICANO,"UBEREATS, LOS ANGELES, CA",,,,,,,
CAN SODAS,1.5,,EL TACO MEXICANO,"UBEREATS, LOS ANGELES, CA",,,,,,,
BOTTLED WATER,1.5,,EL TACO MEXICANO,"UBEREATS, LOS ANGELES, CA",,,,,,,
-2 TAQUITOS WITH RICE AND BEANS AND GUACAMOLE,6.0,,EL TACO MEXICANO,"UBEREATS, LOS ANGELES, CA",,,,,,,
