name,price_usd,calories,restaurant_name,identifier,sugars_g,cholesterol_mg,protein_g,fiber_g,fat_g,carbohydrates_g,sodium_mg
ORIGINAL FATBURGER (1/3LB) MEAL,12.5,,FATBURGER & BUFFALO'S EXPRESS (3150 WILSHIRE BLVD.),"UBEREATS, LOS ANGELES, CA",,,,,,,
LARGE FATBURGER (1/2 LB.),8.25,,FATBURGER & BUFFALO'S EXPRESS (3150 WILSHIRE BLVD.),"UBEREATS, LOS ANGELES, CA",,,,,,,
LARGE FATBURGER (1/2LB) MEAL,14.0,,FATBURGER & BUFFALO'S EXPRESS (3150 WILSHIRE BLVD.),"UBEREATS, LOS ANGELES, CA",,,,,,,
IMPOSSIBLE BURGER,10.25,,FATBURGER & BUFFALO'S EXPRESS (3150 WILSHIRE BLVD.),"UBEREATS, LOS ANGELES, CA",,,,,,,
IMPOSSIBLE BURGER MEAL,16.0,,FATBURGER & BUFFALO'S EXPRESS (3150 WILSHIRE BLVD.),"UBEREATS, LOS ANGELES, CA",,,,,,,
KING'S HAWAIIAN GRILLED PINEAPPLE BURGER,8.99,,FATBURGER & BUFFALO'S EXPRESS (3150 WILSHIRE BLVD.),"UBEREATS, LOS ANGELES, CA",,,,,,,
PINEAPPLE SHAKE,4.5,,FATBURGER & BUFFALO'S EXPRESS (3150 WILSHIRE BLVD.),"UBEREATS, LOS ANGELES, CA",,,,,,,
ORIGINAL FATBURGER (1/3 LB.),6.75,,FATBURGER & BUFFALO'S EXPRESS (3150 WILSHIRE BLVD.),"UBEREATS, LOS ANGELES, CA",,,,,,,
XXL FATBURGER (1LB),10.5,,FATBURGER & BUFFALO'S EXPRESS (3150 WILSHIRE BLVD.),"UBEREATS, LOS ANGELES, CA",,,,,,,
XXXL FATBURGER (1.5LB),12.75,,FATBURGER & BUFFALO'S EXPRESS (3150 WILSHIRE BLVD.),"UBEREATS, LOS ANGELES, CA",,,,,,,
1000 ISLAND FATBURGER,7.25,,FATBURGER & BUFFALO'S EXPRESS (3150 WILSHIRE BLVD.),"UBEREATS, LOS ANGELES, CA",,,,,,,
VEGGIEBURGER,7.25,,FATBURGER & BUFFALO'S EXPRESS (3150 WILSHIRE BLVD.),"UBEREATS, LOS ANGELES, CA",,,,,,,
TURKEYBURGER,6.75,,FATBURGER & BUFFALO'S EXPRESS (3150 WILSHIRE BLVD.),"UBEREATS, LOS ANGELES, CA",,,,,,,
SKINNYBURGER,8.25,,FATBURGER & BUFFALO'S EXPRESS (3150 WILSHIRE BLVD.),"UBEREATS, LOS ANGELES, CA",,,,,,,
WESTERN BACON BBQ FATBURGER,8.25,,FATBURGER & BUFFALO'S EXPRESS (3150 WILSHIRE BLVD.),"UBEREATS, LOS ANGELES, CA",,,,,,,
CHICKEN SANDWICH,7.75,,FATBURGER & BUFFALO'S EXPRESS (3150 WILSHIRE BLVD.),"UBEREATS, LOS ANGELES, CA",,,,,,,
XXL FATBURGER (1LB) MEAL,16.25,,FATBURGER & BUFFALO'S EXPRESS (3150 WILSHIRE BLVD.),"UBEREATS, LOS ANGELES, CA",,,,,,,
XXXL FATBURGER (1.5LB) MEAL,18.5,,FATBURGER & BUFFALO'S EXPRESS (3150 WILSHIRE BLVD.),"UBEREATS, LOS ANGELES, CA",,,,,,,
1000 ISLAND FATBURGER MEAL,13.0,,FATBURGER & BUFFALO'S EXPRESS (3150 WILSHIRE BLVD.),"UBEREATS, LOS ANGELES, CA",,,,,,,
VEGGIEBURGER MEAL,13.0,,FATBURGER & BUFFALO'S EXPRESS (3150 WILSHIRE BLVD.),"UBEREATS, LOS ANGELES, CA",,,,,,,
TURKEYBURGER MEAL,12.5,,FATBURGER & BUFFALO'S EXPRESS (3150 WILSHIRE BLVD.),"UBEREATS, LOS ANGELES, CA",,,,,,,
SKINNYBURGER MEAL,14.0,,FATBURGER & BUFFALO'S EXPRESS (3150 WILSHIRE BLVD.),"UBEREATS, LOS ANGELES, CA",,,,,,,
WESTERN BACON BBQ FATBURGER MEAL,13.5,,FATBURGER & BUFFALO'S EXPRESS (3150 WILSHIRE BLVD.),"UBEREATS, LOS ANGELES, CA",,,,,,,
CHICKEN SANDWICH MEAL,13.5,,FATBURGER & BUFFALO'S EXPRESS (3150 WILSHIRE BLVD.),"UBEREATS, LOS ANGELES, CA",,,,,,,
KID'S MEAL,10.75,,FATBURGER & BUFFALO'S EXPRESS (3150 WILSHIRE BLVD.),"UBEREATS, LOS ANGELES, CA",,,,,,,
6 PIECE BONELESS WING MEAL,14.0,,FATBURGER & BUFFALO'S EXPRESS (3150 WILSHIRE BLVD.),"UBEREATS, LOS ANGELES, CA",,,,,,,
10 PIECE BONELESS WING MEAL,17.0,,FATBURGER & BUFFALO'S EXPRESS (3150 WILSHIRE BLVD.),"UBEREATS, LOS ANGELES, CA",,,,,,,
16 PIECE BONELESS WING MEAL,22.75,,FATBURGER & BUFFALO'S EXPRESS (3150 WILSHIRE BLVD.),"UBEREATS, LOS ANGELES, CA",,,,,,,
SKINNY FRIES,3.5,,FATBURGER & BUFFALO'S EXPRESS (3150 WILSHIRE BLVD.),"UBEREATS, LOS ANGELES, CA",,,,,,,
FAT FRIES,3.5,,FATBURGER & BUFFALO'S EXPRESS (3150 WILSHIRE BLVD.),"UBEREATS, LOS ANGELES, CA",,,,,,,
SWEET POTATO FRIES,3.75,,FATBURGER & BUFFALO'S EXPRESS (3150 WILSHIRE BLVD.),"UBEREATS, LOS ANGELES, CA",,,,,,,
HOMEMADE ONION RINGS,4.5,,FATBURGER & BUFFALO'S EXPRESS (3150 WILSHIRE BLVD.),"UBEREATS, LOS ANGELES, CA",,,,,,,
CHILI CHEESE FRIES,5.5,,FATBURGER & BUFFALO'S EXPRESS (3150 WILSHIRE BLVD.),"UBEREATS, LOS ANGELES, CA",,,,,,,
CHILI CHEESE DOG,6.75,,FATBURGER & BUFFALO'S EXPRESS (3150 WILSHIRE BLVD.),"UBEREATS, LOS ANGELES, CA",,,,,,,
VANILLA MILKSHAKE,5.25,,FATBURGER & BUFFALO'S EXPRESS (3150 WILSHIRE BLVD.),"UBEREATS, LOS ANGELES, CA",,,,,,,
CHOCOLATE MILKSHAKE,5.25,,FATBURGER & BUFFALO'S EXPRESS (3150 WILSHIRE BLVD.),"UBEREATS, LOS ANGELES, CA",,,,,,,
STRAWBERRY MILKSHAKE,5.25,,FATBURGER & BUFFALO'S EXPRESS (3150 WILSHIRE BLVD.),"UBEREATS, LOS ANGELES, CA",,,,,,,
COOKIES & CREAM MILKSHAKE,5.25,,FATBURGER & BUFFALO'S EXPRESS (3150 WILSHIRE BLVD.),"UBEREATS, LOS ANGELES, CA",,,,,,,
MAUI-BANANA MILKSHAKE,5.25,,FATBURGER & BUFFALO'S EXPRESS (3150 WILSHIRE BLVD.),"UBEREATS, LOS ANGELES, CA",,,,,,,
CRAIG’S VEGAN SHAKE,9.99,,FATBURGER & BUFFALO'S EXPRESS (3150 WILSHIRE BLVD.),"UBEREATS, LOS ANGELES, CA",,,,,,,
COKE,2.64,,FATBURGER & BUFFALO'S EXPRESS (3150 WILSHIRE BLVD.),"UBEREATS, LOS ANGELES, CA",,,,,,,
DIET COKE,2.64,,FATBURGER & BUFFALO'S EXPRESS (3150 WILSHIRE BLVD.),"UBEREATS, LOS ANGELES, CA",,,,,,,
SPRITE,2.64,,FATBURGER & BUFFALO'S EXPRESS (3150 WILSHIRE BLVD.),"UBEREATS, LOS ANGELES, CA",,,,,,,
