name,price_usd,calories,restaurant_name,identifier,sugars_g,cholesterol_mg,protein_g,fiber_g,fat_g,carbohydrates_g,sodium_mg
COMBO BOWL,9.89,,YOSHINOYA (1570 S. WESTERN AVENUE),"UBEREATS, LOS ANGELES, CA",,,,,,,
REGULAR TERIYAKI CHICKEN,8.39,,YOSHINOYA (1570 S. WESTERN AVENUE),"UBEREATS, LOS ANGELES, CA",,,,,,,
COMBO XL BOWL,11.39,,YOSHINOYA (1570 S. WESTERN AVENUE),"UBEREATS, LOS ANGELES, CA",,,,,,,
REGULAR ORIGINAL BEEF,8.39,,YOSHINOYA (1570 S. WESTERN AVENUE),"UBEREATS, LOS ANGELES, CA",,,,,,,
ORIGINAL BEEF ONLY,6.19,,YOSHINOYA (1570 S. WESTERN AVENUE),"UBEREATS, LOS ANGELES, CA",,,,,,,
LARGE ORIGINAL BEEF,9.59,,YOSHINOYA (1570 S. WESTERN AVENUE),"UBEREATS, LOS ANGELES, CA",,,,,,,
LARGE ORIGINAL BEEF WITH VEGGIE,9.59,,YOSHINOYA (1570 S. WESTERN AVENUE),"UBEREATS, LOS ANGELES, CA",,,,,,,
LARGE TERIYAKI CHICKEN,9.59,,YOSHINOYA (1570 S. WESTERN AVENUE),"UBEREATS, LOS ANGELES, CA",,,,,,,
LARGE GRILLED BBQ BEEF,9.59,,YOSHINOYA (1570 S. WESTERN AVENUE),"UBEREATS, LOS ANGELES, CA",,,,,,,
LARGE GRILLED BBQ BEEF WITH VEGGIE,9.59,,YOSHINOYA (1570 S. WESTERN AVENUE),"UBEREATS, LOS ANGELES, CA",,,,,,,
LARGE ORANGE CHICKEN,9.59,,YOSHINOYA (1570 S. WESTERN AVENUE),"UBEREATS, LOS ANGELES, CA",,,,,,,
LARGE HABANERO CHICKEN,9.59,,YOSHINOYA (1570 S. WESTERN AVENUE),"UBEREATS, LOS ANGELES, CA",,,,,,,
LARGE BONELESS WINGS,9.59,,YOSHINOYA (1570 S. WESTERN AVENUE),"UBEREATS, LOS ANGELES, CA",,,,,,,
LARGE SWEET CHILI SHRIMP,11.09,,YOSHINOYA (1570 S. WESTERN AVENUE),"UBEREATS, LOS ANGELES, CA",,,,,,,
REGULAR ORIGINAL BEEF WITH VEGGIE,8.39,,YOSHINOYA (1570 S. WESTERN AVENUE),"UBEREATS, LOS ANGELES, CA",,,,,,,
REGULAR ORANGE CHICKEN,8.39,,YOSHINOYA (1570 S. WESTERN AVENUE),"UBEREATS, LOS ANGELES, CA",,,,,,,
REGULAR HABANERO CHICKEN,8.39,,YOSHINOYA (1570 S. WESTERN AVENUE),"UBEREATS, LOS ANGELES, CA",,,,,,,
REGULAR BONELESS WINGS,8.39,,YOSHINOYA (1570 S. WESTERN AVENUE),"UBEREATS, LOS ANGELES, CA",,,,,,,
REGULAR GRILLED TILAPIA,8.39,,YOSHINOYA (1570 S. WESTERN AVENUE),"UBEREATS, LOS ANGELES, CA",,,,,,,
REGULAR GRILLED BBQ BEEF,8.39,,YOSHINOYA (1570 S. WESTERN AVENUE),"UBEREATS, LOS ANGELES, CA",,,,,,,
REGULAR GRILLED BBQ BEEF WITH VEGGIE,8.39,,YOSHINOYA (1570 S. WESTERN AVENUE),"UBEREATS, LOS ANGELES, CA",,,,,,,
REGULAR SWEET CHILI SHRIMP,9.59,,YOSHINOYA (1570 S. WESTERN AVENUE),"UBEREATS, LOS ANGELES, CA",,,,,,,
REGULAR MIXED VEGETABLES,6.29,,YOSHINOYA (1570 S. WESTERN AVENUE),"UBEREATS, LOS ANGELES, CA",,,,,,,
KID ORIGINAL BEEF,6.29,,YOSHINOYA (1570 S. WESTERN AVENUE),"UBEREATS, LOS ANGELES, CA",,,,,,,
KID TERIYAKI CHICKEN,6.29,,YOSHINOYA (1570 S. WESTERN AVENUE),"UBEREATS, LOS ANGELES, CA",,,,,,,
KID ORANGE CHICKEN,6.29,,YOSHINOYA (1570 S. WESTERN AVENUE),"UBEREATS, LOS ANGELES, CA",,,,,,,
KID GRILLED BBQ BEEF,6.29,,YOSHINOYA (1570 S. WESTERN AVENUE),"UBEREATS, LOS ANGELES, CA",,,,,,,
ASIAN BBQ BONELESS WINGS,5.19,,YOSHINOYA (1570 S. WESTERN AVENUE),"UBEREATS, LOS ANGELES, CA",,,,,,,
SPRING ROLLS,2.09,,YOSHINOYA (1570 S. WESTERN AVENUE),"UBEREATS, LOS ANGELES, CA",,,,,,,
CLAM CHOWDER,2.79,,YOSHINOYA (1570 S. WESTERN AVENUE),"UBEREATS, LOS ANGELES, CA",,,,,,,
GRILLED BBQ BEEF ONLY,6.19,,YOSHINOYA (1570 S. WESTERN AVENUE),"UBEREATS, LOS ANGELES, CA",,,,,,,
SWEET CHILI SHRIMP ONLY,7.39,,YOSHINOYA (1570 S. WESTERN AVENUE),"UBEREATS, LOS ANGELES, CA",,,,,,,
ORANGE CHICKEN ONLY,6.19,,YOSHINOYA (1570 S. WESTERN AVENUE),"UBEREATS, LOS ANGELES, CA",,,,,,,
TERIYAKI CHICKEN ONLY,6.19,,YOSHINOYA (1570 S. WESTERN AVENUE),"UBEREATS, LOS ANGELES, CA",,,,,,,
HABANERO CHICKEN ONLY,6.19,,YOSHINOYA (1570 S. WESTERN AVENUE),"UBEREATS, LOS ANGELES, CA",,,,,,,
GRILLED TILAPIA ONLY,6.19,,YOSHINOYA (1570 S. WESTERN AVENUE),"UBEREATS, LOS ANGELES, CA",,,,,,,
WHITE RICE ONLY,2.59,,YOSHINOYA (1570 S. WESTERN AVENUE),"UBEREATS, LOS ANGELES, CA",,,,,,,
NOT SO FRIED RICE ONLY,3.29,,YOSHINOYA (1570 S. WESTERN AVENUE),"UBEREATS, LOS ANGELES, CA",,,,,,,
VEGETABLES ONLY,2.59,,YOSHINOYA (1570 S. WESTERN AVENUE),"UBEREATS, LOS ANGELES, CA",,,,,,,
COLESLAW ONLY,2.59,,YOSHINOYA (1570 S. WESTERN AVENUE),"UBEREATS, LOS ANGELES, CA",,,,,,,
POTATOES ONLY,2.59,,YOSHINOYA (1570 S. WESTERN AVENUE),"UBEREATS, LOS ANGELES, CA",,,,,,,
AVOCADO ONLY,2.29,,YOSHINOYA (1570 S. WESTERN AVENUE),"UBEREATS, LOS ANGELES, CA",,,,,,,
TERIYAKI SAUCE ONLY,0.79,,YOSHINOYA (1570 S. WESTERN AVENUE),"UBEREATS, LOS ANGELES, CA",,,,,,,
FLAN,2.79,,YOSHINOYA (1570 S. WESTERN AVENUE),"UBEREATS, LOS ANGELES, CA",,,,,,,
CHEESECAKE,2.79,,YOSHINOYA (1570 S. WESTERN AVENUE),"UBEREATS, LOS ANGELES, CA",,,,,,,
CHOCOLATE CHIP COOKIE,1.09,,YOSHINOYA (1570 S. WESTERN AVENUE),"UBEREATS, LOS ANGELES, CA",,,,,,,
DONUT DIPPERS,2.79,,YOSHINOYA (1570 S. WESTERN AVENUE),"UBEREATS, LOS ANGELES, CA",,,,,,,
BOTTLED WATER,3.39,,YOSHINOYA (1570 S. WESTERN AVENUE),"UBEREATS, LOS ANGELES, CA",,,,,,,
APPLE JUICE,3.39,,YOSHINOYA (1570 S. WESTERN AVENUE),"UBEREATS, LOS ANGELES, CA",,,,,,,
DOLE STRAWBERRY LEMONADE,3.39,,YOSHINOYA (1570 S. WESTERN AVENUE),"UBEREATS, LOS ANGELES, CA",,,,,,,
PEPSI,3.39,,YOSHINOYA (1570 S. WESTERN AVENUE),"UBEREATS, LOS ANGELES, CA",,,,,,,
DIET PEPSI,3.39,,YOSHINOYA (1570 S. WESTERN AVENUE),"UBEREATS, LOS ANGELES, CA",,,,,,,
SIERRA MIST,3.39,,YOSHINOYA (1570 S. WESTERN AVENUE),"UBEREATS, LOS ANGELES, CA",,,,,,,
