name,price_usd,calories,restaurant_name,identifier,sugars_g,cholesterol_mg,protein_g,fiber_g,fat_g,carbohydrates_g,sodium_mg
THE RED,30.0,,POUR HAUS WINE BAR,"UBEREATS, LOS ANGELES, CA",,,,,,,
SPAGHETTI & MEATBALLS & BOTTLE,30.0,,POUR HAUS WINE BAR,"UBEREATS, LOS ANGELES, CA",,,,,,,
THE WHITE,30.0,,POUR HAUS WINE BAR,"UBEREATS, LOS ANGELES, CA",,,,,,,
THE SPARKLING,30.0,,POUR HAUS WINE BAR,"UBEREATS, LOS ANGELES, CA",,,,,,,
THE ROSE,30.0,,POUR HAUS WINE BAR,"UBEREATS, LOS ANGELES, CA",,,,,,,
SIMPLE SALAD,9.5,,POUR HAUS WINE BAR,"UBEREATS, LOS ANGELES, CA",,,,,,,
VIETNOM-NOM,12.0,,POUR HAUS WINE BAR,"UBEREATS, LOS ANGELES, CA",,,,,,,
SPAGHETTI & MEATBALLS,10.0,,POUR HAUS WINE BAR,"UBEREATS, LOS ANGELES, CA",,,,,,,
