name,price_usd,calories,restaurant_name,identifier,sugars_g,cholesterol_mg,protein_g,fiber_g,fat_g,carbohydrates_g,sodium_mg
SPICY TUNA ROLL,9.0,,SAKE HOUSE BY HIKARI (6TH STREET),"UBEREATS, LOS ANGELES, CA",,,,,,,
CALIFORNIA ROLL,9.0,,SAKE HOUSE BY HIKARI (6TH STREET),"UBEREATS, LOS ANGELES, CA",,,,,,,
BAKED SALMON ROLL,21.0,,SAKE HOUSE BY HIKARI (6TH STREET),"UBEREATS, LOS ANGELES, CA",,,,,,,
CRUNCH ROLL,15.0,,SAKE HOUSE BY HIKARI (6TH STREET),"UBEREATS, LOS ANGELES, CA",,,,,,,
SALMON AND AVOCADO ROLL,10.0,,SAKE HOUSE BY HIKARI (6TH STREET),"UBEREATS, LOS ANGELES, CA",,,,,,,
HALIBUT SASHIMI,99.0,,SAKE HOUSE BY HIKARI (6TH STREET),"UBEREATS, LOS ANGELES, CA",,,,,,,
MIXED SASHIMI,79.0,,SAKE HOUSE BY HIKARI (6TH STREET),"UBEREATS, LOS ANGELES, CA",,,,,,,
BIGGER MIXED SASHIMI,119.0,,SAKE HOUSE BY HIKARI (6TH STREET),"UBEREATS, LOS ANGELES, CA",,,,,,,
SMALLER MIXED SASHIMI,35.0,,SAKE HOUSE BY HIKARI (6TH STREET),"UBEREATS, LOS ANGELES, CA",,,,,,,
TUNA,7.9,,SAKE HOUSE BY HIKARI (6TH STREET),"UBEREATS, LOS ANGELES, CA",,,,,,,
SALMON,6.8,,SAKE HOUSE BY HIKARI (6TH STREET),"UBEREATS, LOS ANGELES, CA",,,,,,,
YELLOWTAIL,7.9,,SAKE HOUSE BY HIKARI (6TH STREET),"UBEREATS, LOS ANGELES, CA",,,,,,,
ALBACORE,6.8,,SAKE HOUSE BY HIKARI (6TH STREET),"UBEREATS, LOS ANGELES, CA",,,,,,,
SALMON ROE,6.9,,SAKE HOUSE BY HIKARI (6TH STREET),"UBEREATS, LOS ANGELES, CA",,,,,,,
HALIBUT,7.5,,SAKE HOUSE BY HIKARI (6TH STREET),"UBEREATS, LOS ANGELES, CA",,,,,,,
FRESH WATER EEL,7.9,,SAKE HOUSE BY HIKARI (6TH STREET),"UBEREATS, LOS ANGELES, CA",,,,,,,
SNAPPER,7.9,,SAKE HOUSE BY HIKARI (6TH STREET),"UBEREATS, LOS ANGELES, CA",,,,,,,
EDAMAME,7.0,,SAKE HOUSE BY HIKARI (6TH STREET),"UBEREATS, LOS ANGELES, CA",,,,,,,
GARLIC EDAMAME,9.0,,SAKE HOUSE BY HIKARI (6TH STREET),"UBEREATS, LOS ANGELES, CA",,,,,,,
SPICY GARLIC EDAMAME,9.0,,SAKE HOUSE BY HIKARI (6TH STREET),"UBEREATS, LOS ANGELES, CA",,,,,,,
MISO SOUP,4.0,,SAKE HOUSE BY HIKARI (6TH STREET),"UBEREATS, LOS ANGELES, CA",,,,,,,
SHRIMP SOUP,7.0,,SAKE HOUSE BY HIKARI (6TH STREET),"UBEREATS, LOS ANGELES, CA",,,,,,,
CLAM MISO SOUP,9.0,,SAKE HOUSE BY HIKARI (6TH STREET),"UBEREATS, LOS ANGELES, CA",,,,,,,
SPICY MISO SOUP,7.0,,SAKE HOUSE BY HIKARI (6TH STREET),"UBEREATS, LOS ANGELES, CA",,,,,,,
PINEAPPLE,12.0,,SAKE HOUSE BY HIKARI (6TH STREET),"UBEREATS, LOS ANGELES, CA",,,,,,,
HOUSE SALAD,7.0,,SAKE HOUSE BY HIKARI (6TH STREET),"UBEREATS, LOS ANGELES, CA",,,,,,,
SPICY SASHIMI SALAD,19.0,,SAKE HOUSE BY HIKARI (6TH STREET),"UBEREATS, LOS ANGELES, CA",,,,,,,
AVOCADO SALAD,12.0,,SAKE HOUSE BY HIKARI (6TH STREET),"UBEREATS, LOS ANGELES, CA",,,,,,,
FRENCH FRIES,10.0,,SAKE HOUSE BY HIKARI (6TH STREET),"UBEREATS, LOS ANGELES, CA",,,,,,,
TATER TOTS,9.0,,SAKE HOUSE BY HIKARI (6TH STREET),"UBEREATS, LOS ANGELES, CA",,,,,,,
GARLIC FRENCH FRIES,12.0,,SAKE HOUSE BY HIKARI (6TH STREET),"UBEREATS, LOS ANGELES, CA",,,,,,,
HONEY BUTTER CHIPS,11.0,,SAKE HOUSE BY HIKARI (6TH STREET),"UBEREATS, LOS ANGELES, CA",,,,,,,
FRIED SWEET POTATO,12.0,,SAKE HOUSE BY HIKARI (6TH STREET),"UBEREATS, LOS ANGELES, CA",,,,,,,
HEART ATTACK,7.0,,SAKE HOUSE BY HIKARI (6TH STREET),"UBEREATS, LOS ANGELES, CA",,,,,,,
TAKO WASSABI,9.0,,SAKE HOUSE BY HIKARI (6TH STREET),"UBEREATS, LOS ANGELES, CA",,,,,,,
SUPER MARIO,7.0,,SAKE HOUSE BY HIKARI (6TH STREET),"UBEREATS, LOS ANGELES, CA",,,,,,,
SEAWEED SALAD,7.0,,SAKE HOUSE BY HIKARI (6TH STREET),"UBEREATS, LOS ANGELES, CA",,,,,,,
SWEET CORN CHEESE,11.0,,SAKE HOUSE BY HIKARI (6TH STREET),"UBEREATS, LOS ANGELES, CA",,,,,,,
PINEAPPLE CORN CHEESE,11.0,,SAKE HOUSE BY HIKARI (6TH STREET),"UBEREATS, LOS ANGELES, CA",,,,,,,
BEEF GYOZA,9.0,,SAKE HOUSE BY HIKARI (6TH STREET),"UBEREATS, LOS ANGELES, CA",,,,,,,
DDUK BOKGI,13.0,,SAKE HOUSE BY HIKARI (6TH STREET),"UBEREATS, LOS ANGELES, CA",,,,,,,
RAMEN BOKGI,13.0,,SAKE HOUSE BY HIKARI (6TH STREET),"UBEREATS, LOS ANGELES, CA",,,,,,,
SPAM AND EGG,12.0,,SAKE HOUSE BY HIKARI (6TH STREET),"UBEREATS, LOS ANGELES, CA",,,,,,,
SPICY RAMEN,12.0,,SAKE HOUSE BY HIKARI (6TH STREET),"UBEREATS, LOS ANGELES, CA",,,,,,,
TOFU AND KIMCHI,19.0,,SAKE HOUSE BY HIKARI (6TH STREET),"UBEREATS, LOS ANGELES, CA",,,,,,,
SPICY PORK BELLY,20.0,,SAKE HOUSE BY HIKARI (6TH STREET),"UBEREATS, LOS ANGELES, CA",,,,,,,
PORK BELLY SALAD,20.0,,SAKE HOUSE BY HIKARI (6TH STREET),"UBEREATS, LOS ANGELES, CA",,,,,,,
SPICY KIMCHI AND PORK BELLY,20.0,,SAKE HOUSE BY HIKARI (6TH STREET),"UBEREATS, LOS ANGELES, CA",,,,,,,
PORK BELLY WITH SOY SAUCE AND ONION,19.0,,SAKE HOUSE BY HIKARI (6TH STREET),"UBEREATS, LOS ANGELES, CA",,,,,,,
BULGOGI,16.0,,SAKE HOUSE BY HIKARI (6TH STREET),"UBEREATS, LOS ANGELES, CA",,,,,,,
SAUTEED BEEF INTESTINE,17.0,,SAKE HOUSE BY HIKARI (6TH STREET),"UBEREATS, LOS ANGELES, CA",,,,,,,
SPICY SAUTEED BEEF INTESTINE,17.0,,SAKE HOUSE BY HIKARI (6TH STREET),"UBEREATS, LOS ANGELES, CA",,,,,,,
SPICY CHICKEN,19.0,,SAKE HOUSE BY HIKARI (6TH STREET),"UBEREATS, LOS ANGELES, CA",,,,,,,
FRIED CHICKEN WINGS,20.0,,SAKE HOUSE BY HIKARI (6TH STREET),"UBEREATS, LOS ANGELES, CA",,,,,,,
SUPER SPICY CHICKEN,19.0,,SAKE HOUSE BY HIKARI (6TH STREET),"UBEREATS, LOS ANGELES, CA",,,,,,,
FRIED CHICKEN GIZZARDS,17.0,,SAKE HOUSE BY HIKARI (6TH STREET),"UBEREATS, LOS ANGELES, CA",,,,,,,
SAUTEED CHICKEN GIZZARDS,17.0,,SAKE HOUSE BY HIKARI (6TH STREET),"UBEREATS, LOS ANGELES, CA",,,,,,,
MUSSEL SOUP,19.0,,SAKE HOUSE BY HIKARI (6TH STREET),"UBEREATS, LOS ANGELES, CA",,,,,,,
FISH CAKE SOUP,19.0,,SAKE HOUSE BY HIKARI (6TH STREET),"UBEREATS, LOS ANGELES, CA",,,,,,,
SPICY CLAM SOUP,19.0,,SAKE HOUSE BY HIKARI (6TH STREET),"UBEREATS, LOS ANGELES, CA",,,,,,,
SPICY SEAFOOD SOUP,24.0,,SAKE HOUSE BY HIKARI (6TH STREET),"UBEREATS, LOS ANGELES, CA",,,,,,,
BAKED SALMON KAMA,10.0,,SAKE HOUSE BY HIKARI (6TH STREET),"UBEREATS, LOS ANGELES, CA",,,,,,,
HAMACHI KAMA,16.0,,SAKE HOUSE BY HIKARI (6TH STREET),"UBEREATS, LOS ANGELES, CA",,,,,,,
GRILLED SPICY SQUID,19.0,,SAKE HOUSE BY HIKARI (6TH STREET),"UBEREATS, LOS ANGELES, CA",,,,,,,
TEMPURA UDON,18.0,,SAKE HOUSE BY HIKARI (6TH STREET),"UBEREATS, LOS ANGELES, CA",,,,,,,
SPICY SEAFOOD PASTA,21.0,,SAKE HOUSE BY HIKARI (6TH STREET),"UBEREATS, LOS ANGELES, CA",,,,,,,
SPICY CHICKEN PASTA,21.0,,SAKE HOUSE BY HIKARI (6TH STREET),"UBEREATS, LOS ANGELES, CA",,,,,,,
SPICY SAUTEED VARIETY SEAFOOD AND VEGETABLE,21.0,,SAKE HOUSE BY HIKARI (6TH STREET),"UBEREATS, LOS ANGELES, CA",,,,,,,
CREAMY SPICY SAUTEED VARIETY SEAFOOD AND VEGETABLE,20.0,,SAKE HOUSE BY HIKARI (6TH STREET),"UBEREATS, LOS ANGELES, CA",,,,,,,
SALMON CARPACCIO,18.0,,SAKE HOUSE BY HIKARI (6TH STREET),"UBEREATS, LOS ANGELES, CA",,,,,,,
SCREAMING O,19.0,,SAKE HOUSE BY HIKARI (6TH STREET),"UBEREATS, LOS ANGELES, CA",,,,,,,
CRUNCHY ONION WITH ALBACORE SASHIMI,18.0,,SAKE HOUSE BY HIKARI (6TH STREET),"UBEREATS, LOS ANGELES, CA",,,,,,,
YELLOWTAIL AND JALAPENO,18.0,,SAKE HOUSE BY HIKARI (6TH STREET),"UBEREATS, LOS ANGELES, CA",,,,,,,
9 PIECES SUSHI COMBO,35.0,,SAKE HOUSE BY HIKARI (6TH STREET),"UBEREATS, LOS ANGELES, CA",,,,,,,
13 PIECES SUSHI COMBO,45.0,,SAKE HOUSE BY HIKARI (6TH STREET),"UBEREATS, LOS ANGELES, CA",,,,,,,
CHIRASHI,29.0,,SAKE HOUSE BY HIKARI (6TH STREET),"UBEREATS, LOS ANGELES, CA",,,,,,,
SHRIMP TEMPURA,10.0,,SAKE HOUSE BY HIKARI (6TH STREET),"UBEREATS, LOS ANGELES, CA",,,,,,,
TORI KARAAGE,11.0,,SAKE HOUSE BY HIKARI (6TH STREET),"UBEREATS, LOS ANGELES, CA",,,,,,,
HONEY POPCORN SHRIMP,11.0,,SAKE HOUSE BY HIKARI (6TH STREET),"UBEREATS, LOS ANGELES, CA",,,,,,,
CALAMARI TEMPURA,12.0,,SAKE HOUSE BY HIKARI (6TH STREET),"UBEREATS, LOS ANGELES, CA",,,,,,,
MIXED VEGETABLE TEMPURA,10.0,,SAKE HOUSE BY HIKARI (6TH STREET),"UBEREATS, LOS ANGELES, CA",,,,,,,
YAKITORI PLATE,39.0,,SAKE HOUSE BY HIKARI (6TH STREET),"UBEREATS, LOS ANGELES, CA",,,,,,,
ASPARAGUS AND BACON,4.9,,SAKE HOUSE BY HIKARI (6TH STREET),"UBEREATS, LOS ANGELES, CA",,,,,,,
BACON AND RICE CAKE,4.9,,SAKE HOUSE BY HIKARI (6TH STREET),"UBEREATS, LOS ANGELES, CA",,,,,,,
CHICKEN GIZZARD,3.9,,SAKE HOUSE BY HIKARI (6TH STREET),"UBEREATS, LOS ANGELES, CA",,,,,,,
CHICKEN WING,3.9,,SAKE HOUSE BY HIKARI (6TH STREET),"UBEREATS, LOS ANGELES, CA",,,,,,,
BEEF INTESTINE,3.9,,SAKE HOUSE BY HIKARI (6TH STREET),"UBEREATS, LOS ANGELES, CA",,,,,,,
SAUSAGE,3.9,,SAKE HOUSE BY HIKARI (6TH STREET),"UBEREATS, LOS ANGELES, CA",,,,,,,
MUSHROOM,2.9,,SAKE HOUSE BY HIKARI (6TH STREET),"UBEREATS, LOS ANGELES, CA",,,,,,,
SCALLOP,5.9,,SAKE HOUSE BY HIKARI (6TH STREET),"UBEREATS, LOS ANGELES, CA",,,,,,,
SHRIMP,4.9,,SAKE HOUSE BY HIKARI (6TH STREET),"UBEREATS, LOS ANGELES, CA",,,,,,,
BEEF,4.9,,SAKE HOUSE BY HIKARI (6TH STREET),"UBEREATS, LOS ANGELES, CA",,,,,,,
GARLIC,2.9,,SAKE HOUSE BY HIKARI (6TH STREET),"UBEREATS, LOS ANGELES, CA",,,,,,,
CHICKEN,3.9,,SAKE HOUSE BY HIKARI (6TH STREET),"UBEREATS, LOS ANGELES, CA",,,,,,,
SALMON AVOCADO HANDROLL,8.0,,SAKE HOUSE BY HIKARI (6TH STREET),"UBEREATS, LOS ANGELES, CA",,,,,,,
BAKED BLUE CRAB HANDROLL,8.0,,SAKE HOUSE BY HIKARI (6TH STREET),"UBEREATS, LOS ANGELES, CA",,,,,,,
UNAGI AVOCADO HANDROLL,8.0,,SAKE HOUSE BY HIKARI (6TH STREET),"UBEREATS, LOS ANGELES, CA",,,,,,,
SHRIMP TEMPURA HANDROLL,7.0,,SAKE HOUSE BY HIKARI (6TH STREET),"UBEREATS, LOS ANGELES, CA",,,,,,,
PHILADELPHIA HANDROLL,7.0,,SAKE HOUSE BY HIKARI (6TH STREET),"UBEREATS, LOS ANGELES, CA",,,,,,,
NEGIHAMA HANDROLL,7.0,,SAKE HOUSE BY HIKARI (6TH STREET),"UBEREATS, LOS ANGELES, CA",,,,,,,
BLUE CRAB HANDROLL,8.0,,SAKE HOUSE BY HIKARI (6TH STREET),"UBEREATS, LOS ANGELES, CA",,,,,,,
911 ROLL,18.0,,SAKE HOUSE BY HIKARI (6TH STREET),"UBEREATS, LOS ANGELES, CA",,,,,,,
GANGSTER ROLL,16.0,,SAKE HOUSE BY HIKARI (6TH STREET),"UBEREATS, LOS ANGELES, CA",,,,,,,
RAINBOW ROLL,18.0,,SAKE HOUSE BY HIKARI (6TH STREET),"UBEREATS, LOS ANGELES, CA",,,,,,,
BLACK JACK ROLL,17.0,,SAKE HOUSE BY HIKARI (6TH STREET),"UBEREATS, LOS ANGELES, CA",,,,,,,
Y-TAIL SO GOOD,18.0,,SAKE HOUSE BY HIKARI (6TH STREET),"UBEREATS, LOS ANGELES, CA",,,,,,,
SALMON SPECIAL ROLL,20.0,,SAKE HOUSE BY HIKARI (6TH STREET),"UBEREATS, LOS ANGELES, CA",,,,,,,
DRAGON ROLL,21.0,,SAKE HOUSE BY HIKARI (6TH STREET),"UBEREATS, LOS ANGELES, CA",,,,,,,
SEXY BOMB ROLL,21.0,,SAKE HOUSE BY HIKARI (6TH STREET),"UBEREATS, LOS ANGELES, CA",,,,,,,
BAKED SHRIMP ROLL,19.0,,SAKE HOUSE BY HIKARI (6TH STREET),"UBEREATS, LOS ANGELES, CA",,,,,,,
BAKED VOLCANO ROLL,23.0,,SAKE HOUSE BY HIKARI (6TH STREET),"UBEREATS, LOS ANGELES, CA",,,,,,,
E.O.,19.0,,SAKE HOUSE BY HIKARI (6TH STREET),"UBEREATS, LOS ANGELES, CA",,,,,,,
RED ROCK,18.0,,SAKE HOUSE BY HIKARI (6TH STREET),"UBEREATS, LOS ANGELES, CA",,,,,,,
SUMO ROLL,19.0,,SAKE HOUSE BY HIKARI (6TH STREET),"UBEREATS, LOS ANGELES, CA",,,,,,,
MACHO MAN ROLL,20.0,,SAKE HOUSE BY HIKARI (6TH STREET),"UBEREATS, LOS ANGELES, CA",,,,,,,
SHRIMP TEMPURA ROLL,14.0,,SAKE HOUSE BY HIKARI (6TH STREET),"UBEREATS, LOS ANGELES, CA",,,,,,,
SPICY TUNA CRUNCH ROLL,14.0,,SAKE HOUSE BY HIKARI (6TH STREET),"UBEREATS, LOS ANGELES, CA",,,,,,,
VEGETABLE ROLL,7.0,,SAKE HOUSE BY HIKARI (6TH STREET),"UBEREATS, LOS ANGELES, CA",,,,,,,
AVOCADO ROLL,9.0,,SAKE HOUSE BY HIKARI (6TH STREET),"UBEREATS, LOS ANGELES, CA",,,,,,,
BLUE CRAB ROLL,10.0,,SAKE HOUSE BY HIKARI (6TH STREET),"UBEREATS, LOS ANGELES, CA",,,,,,,
PHILADELPHIA ROLL,10.0,,SAKE HOUSE BY HIKARI (6TH STREET),"UBEREATS, LOS ANGELES, CA",,,,,,,
SPICY CALIFORNIA ROLL,9.0,,SAKE HOUSE BY HIKARI (6TH STREET),"UBEREATS, LOS ANGELES, CA",,,,,,,
EEL AND AVOCADO ROLL,10.0,,SAKE HOUSE BY HIKARI (6TH STREET),"UBEREATS, LOS ANGELES, CA",,,,,,,
SHRIMP JALAPENO ROLL,10.0,,SAKE HOUSE BY HIKARI (6TH STREET),"UBEREATS, LOS ANGELES, CA",,,,,,,
