name,price_usd,calories,restaurant_name,identifier,sugars_g,cholesterol_mg,protein_g,fiber_g,fat_g,carbohydrates_g,sodium_mg
EDAMAME,2.95,,HONDA YA,"UBEREATS, LOS ANGELES, CA",,,,,,,
TAKO-WASABI (SPICY),3.95,,HONDA YA,"UBEREATS, LOS ANGELES, CA",,,,,,,
KINPIRA GOBO,2.95,,HONDA YA,"UBEREATS, LOS ANGELES, CA",,,,,,,
OHITASHI,2.95,,HONDA YA,"UBEREATS, LOS ANGELES, CA",,,,,,,
GOMA-AE,4.0,,HONDA YA,"UBEREATS, LOS ANGELES, CA",,,,,,,
HIJIKI,2.95,,HONDA YA,"UBEREATS, LOS ANGELES, CA",,,,,,,
OKI-ZUKE,5.5,,HONDA YA,"UBEREATS, LOS ANGELES, CA",,,,,,,
YAMAKAKE-MAGURO,6.95,,HONDA YA,"UBEREATS, LOS ANGELES, CA",,,,,,,
ZARU TOFU,4.5,,HONDA YA,"UBEREATS, LOS ANGELES, CA",,,,,,,
YAMAKAKE TOFU,4.5,,HONDA YA,"UBEREATS, LOS ANGELES, CA",,,,,,,
MORO-Q,3.95,,HONDA YA,"UBEREATS, LOS ANGELES, CA",,,,,,,
MOZUKUSU,3.25,,HONDA YA,"UBEREATS, LOS ANGELES, CA",,,,,,,
IKA-NATTO,5.95,,HONDA YA,"UBEREATS, LOS ANGELES, CA",,,,,,,
MAGURO-NATTO,6.95,,HONDA YA,"UBEREATS, LOS ANGELES, CA",,,,,,,
TSUBU-GAI WASABI-AE,4.95,,HONDA YA,"UBEREATS, LOS ANGELES, CA",,,,,,,
MARINATED JELLY FISH,5.5,,HONDA YA,"UBEREATS, LOS ANGELES, CA",,,,,,,
NI-TAMAGO,2.0,,HONDA YA,"UBEREATS, LOS ANGELES, CA",,,,,,,
CHA-SHU,4.25,,HONDA YA,"UBEREATS, LOS ANGELES, CA",,,,,,,
TOMATO SLICE,2.95,,HONDA YA,"UBEREATS, LOS ANGELES, CA",,,,,,,
ONION SLICE,2.95,,HONDA YA,"UBEREATS, LOS ANGELES, CA",,,,,,,
POTATO SALAD,2.95,,HONDA YA,"UBEREATS, LOS ANGELES, CA",,,,,,,
CALAMARI SALAD,6.95,,HONDA YA,"UBEREATS, LOS ANGELES, CA",,,,,,,
SEAWEED SALAD,5.95,,HONDA YA,"UBEREATS, LOS ANGELES, CA",,,,,,,
HONDA-YA CHICKEN SALAD,6.95,,HONDA YA,"UBEREATS, LOS ANGELES, CA",,,,,,,
SPINACH SALAD,5.95,,HONDA YA,"UBEREATS, LOS ANGELES, CA",,,,,,,
BEEF TATAKI SALAD,6.95,,HONDA YA,"UBEREATS, LOS ANGELES, CA",,,,,,,
ALBACORE TATAKI SALAD,7.95,,HONDA YA,"UBEREATS, LOS ANGELES, CA",,,,,,,
SALMON SKIN SALAD,6.95,,HONDA YA,"UBEREATS, LOS ANGELES, CA",,,,,,,
POKI SALAD,11.95,,HONDA YA,"UBEREATS, LOS ANGELES, CA",,,,,,,
SASHIMI SALAD,11.95,,HONDA YA,"UBEREATS, LOS ANGELES, CA",,,,,,,
HOUSE SALAD,2.5,,HONDA YA,"UBEREATS, LOS ANGELES, CA",,,,,,,
GARI,1.0,,HONDA YA,"UBEREATS, LOS ANGELES, CA",,,,,,,
KYURI-ZUKE,1.0,,HONDA YA,"UBEREATS, LOS ANGELES, CA",,,,,,,
TAKUAN,1.95,,HONDA YA,"UBEREATS, LOS ANGELES, CA",,,,,,,
TSUKEMORI,5.0,,HONDA YA,"UBEREATS, LOS ANGELES, CA",,,,,,,
ALBACORE TATAKI,7.95,,HONDA YA,"UBEREATS, LOS ANGELES, CA",,,,,,,
BEEF TATAKI,6.45,,HONDA YA,"UBEREATS, LOS ANGELES, CA",,,,,,,
JAPANESE BEEF TATAKI,10.0,,HONDA YA,"UBEREATS, LOS ANGELES, CA",,,,,,,
ANKIMO,9.45,,HONDA YA,"UBEREATS, LOS ANGELES, CA",,,,,,,
TUNA,9.0,,HONDA YA,"UBEREATS, LOS ANGELES, CA",,,,,,,
YELLOWTAIL,9.5,,HONDA YA,"UBEREATS, LOS ANGELES, CA",,,,,,,
SALMON,7.45,,HONDA YA,"UBEREATS, LOS ANGELES, CA",,,,,,,
SQUID,7.45,,HONDA YA,"UBEREATS, LOS ANGELES, CA",,,,,,,
OCTOPUS,7.45,,HONDA YA,"UBEREATS, LOS ANGELES, CA",,,,,,,
MACKEREL,7.45,,HONDA YA,"UBEREATS, LOS ANGELES, CA",,,,,,,
5 KIND MIXED,16.95,,HONDA YA,"UBEREATS, LOS ANGELES, CA",,,,,,,
7 KIND MIXED SASHIMI,25.95,,HONDA YA,"UBEREATS, LOS ANGELES, CA",,,,,,,
YELLOWTAIL CARPACCIO,10.5,,HONDA YA,"UBEREATS, LOS ANGELES, CA",,,,,,,
ALBACORE JALAPENO,7.95,,HONDA YA,"UBEREATS, LOS ANGELES, CA",,,,,,,
SALMON CARPACCIO,7.5,,HONDA YA,"UBEREATS, LOS ANGELES, CA",,,,,,,
SCALLOP CARPACCIO,7.5,,HONDA YA,"UBEREATS, LOS ANGELES, CA",,,,,,,
CRUNCH,8.0,,HONDA YA,"UBEREATS, LOS ANGELES, CA",,,,,,,
SALMON SKIN,7.0,,HONDA YA,"UBEREATS, LOS ANGELES, CA",,,,,,,
SPIDER,8.5,,HONDA YA,"UBEREATS, LOS ANGELES, CA",,,,,,,
VEGETABLE,5.5,,HONDA YA,"UBEREATS, LOS ANGELES, CA",,,,,,,
YELLOW TAIL,7.0,,HONDA YA,"UBEREATS, LOS ANGELES, CA",,,,,,,
NEGIHAMA,7.5,,HONDA YA,"UBEREATS, LOS ANGELES, CA",,,,,,,
CUCUMBER,3.5,,HONDA YA,"UBEREATS, LOS ANGELES, CA",,,,,,,
AVOCADO,4.0,,HONDA YA,"UBEREATS, LOS ANGELES, CA",,,,,,,
CALIFORNIA,6.0,,HONDA YA,"UBEREATS, LOS ANGELES, CA",,,,,,,
SPICY TUNA,7.5,,HONDA YA,"UBEREATS, LOS ANGELES, CA",,,,,,,
RAINBOW,11.5,,HONDA YA,"UBEREATS, LOS ANGELES, CA",,,,,,,
SUPER CALIFORNIA,11.5,,HONDA YA,"UBEREATS, LOS ANGELES, CA",,,,,,,
BATTERA SUSHI,7.75,,HONDA YA,"UBEREATS, LOS ANGELES, CA",,,,,,,
PREMIUM BEEF SUSHI,12.75,,HONDA YA,"UBEREATS, LOS ANGELES, CA",,,,,,,
SPICY TUNA CRACKER,6.0,,HONDA YA,"UBEREATS, LOS ANGELES, CA",,,,,,,
ALBACORE,4.2,,HONDA YA,"UBEREATS, LOS ANGELES, CA",,,,,,,
BLUE CRAB,6.25,,HONDA YA,"UBEREATS, LOS ANGELES, CA",,,,,,,
LOBSTER,6.75,,HONDA YA,"UBEREATS, LOS ANGELES, CA",,,,,,,
SHISHAMO,4.95,,HONDA YA,"UBEREATS, LOS ANGELES, CA",,,,,,,
GINDARA MISO-YAKI,12.95,,HONDA YA,"UBEREATS, LOS ANGELES, CA",,,,,,,
SABA SALTED,7.5,,HONDA YA,"UBEREATS, LOS ANGELES, CA",,,,,,,
HAMACHI KAMA,11.95,,HONDA YA,"UBEREATS, LOS ANGELES, CA",,,,,,,
BURI TERI,8.0,,HONDA YA,"UBEREATS, LOS ANGELES, CA",,,,,,,
IKA-MARU,5.95,,HONDA YA,"UBEREATS, LOS ANGELES, CA",,,,,,,
SAUTEED SALMON BELLY,5.95,,HONDA YA,"UBEREATS, LOS ANGELES, CA",,,,,,,
KABOCHA,3.45,,HONDA YA,"UBEREATS, LOS ANGELES, CA",,,,,,,
SATOIMO,4.5,,HONDA YA,"UBEREATS, LOS ANGELES, CA",,,,,,,
AGEDASHI NASUOROSHI,4.95,,HONDA YA,"UBEREATS, LOS ANGELES, CA",,,,,,,
KATSU-NI,6.95,,HONDA YA,"UBEREATS, LOS ANGELES, CA",,,,,,,
BUTA-KAKU,5.95,,HONDA YA,"UBEREATS, LOS ANGELES, CA",,,,,,,
NIKUJYAGA,4.5,,HONDA YA,"UBEREATS, LOS ANGELES, CA",,,,,,,
BURIDAI,4.95,,HONDA YA,"UBEREATS, LOS ANGELES, CA",,,,,,,
TONSOKU,5.95,,HONDA YA,"UBEREATS, LOS ANGELES, CA",,,,,,,
YAKINASU,3.95,,HONDA YA,"UBEREATS, LOS ANGELES, CA",,,,,,,
TAKOYAKI,4.95,,HONDA YA,"UBEREATS, LOS ANGELES, CA",,,,,,,
EBIYAKI,4.95,,HONDA YA,"UBEREATS, LOS ANGELES, CA",,,,,,,
NEGI-YAKI,6.5,,HONDA YA,"UBEREATS, LOS ANGELES, CA",,,,,,,
CHIJIMI,4.5,,HONDA YA,"UBEREATS, LOS ANGELES, CA",,,,,,,
KAWAHAGI,3.95,,HONDA YA,"UBEREATS, LOS ANGELES, CA",,,,,,,
GALBI,5.95,,HONDA YA,"UBEREATS, LOS ANGELES, CA",,,,,,,
BEEF,7.0,,HONDA YA,"UBEREATS, LOS ANGELES, CA",,,,,,,
CHICKEN,4.95,,HONDA YA,"UBEREATS, LOS ANGELES, CA",,,,,,,
SCALLOP MAYO,5.95,,HONDA YA,"UBEREATS, LOS ANGELES, CA",,,,,,,
MEN-MOCH (SPICY),6.0,,HONDA YA,"UBEREATS, LOS ANGELES, CA",,,,,,,
POTATO CHEESE GRATIN,7.5,,HONDA YA,"UBEREATS, LOS ANGELES, CA",,,,,,,
EBI SHUMAI,4.95,,HONDA YA,"UBEREATS, LOS ANGELES, CA",,,,,,,
HOME MADE CRAB SHUMAI,5.95,,HONDA YA,"UBEREATS, LOS ANGELES, CA",,,,,,,
CHAWAN MUSHI,4.95,,HONDA YA,"UBEREATS, LOS ANGELES, CA",,,,,,,
SAUSAGE,3.95,,HONDA YA,"UBEREATS, LOS ANGELES, CA",,,,,,,
SPINACH GARLIC,3.95,,HONDA YA,"UBEREATS, LOS ANGELES, CA",,,,,,,
GARLIC GREENS WITH BACON,4.95,,HONDA YA,"UBEREATS, LOS ANGELES, CA",,,,,,,
PORK KIMCHI (SPICY),5.45,,HONDA YA,"UBEREATS, LOS ANGELES, CA",,,,,,,
PORK ZA-SAI,5.45,,HONDA YA,"UBEREATS, LOS ANGELES, CA",,,,,,,
ASPARAGUS WITH BACON,5.95,,HONDA YA,"UBEREATS, LOS ANGELES, CA",,,,,,,
ENOKI BUTTER,4.95,,HONDA YA,"UBEREATS, LOS ANGELES, CA",,,,,,,
SHIMEJI BUTTER,4.95,,HONDA YA,"UBEREATS, LOS ANGELES, CA",,,,,,,
NIGAURI,5.95,,HONDA YA,"UBEREATS, LOS ANGELES, CA",,,,,,,
NASU-MISO,4.95,,HONDA YA,"UBEREATS, LOS ANGELES, CA",,,,,,,
GINGER PORK,5.5,,HONDA YA,"UBEREATS, LOS ANGELES, CA",,,,,,,
VEGETABLE TEMPURA,6.5,,HONDA YA,"UBEREATS, LOS ANGELES, CA",,,,,,,
MIXED TEMPURA,6.5,,HONDA YA,"UBEREATS, LOS ANGELES, CA",,,,,,,
SHRIMP TEMPURA,6.95,,HONDA YA,"UBEREATS, LOS ANGELES, CA",,,,,,,
CHIKUWA TEMPURA,4.95,,HONDA YA,"UBEREATS, LOS ANGELES, CA",,,,,,,
KISU TEMPURA,5.95,,HONDA YA,"UBEREATS, LOS ANGELES, CA",,,,,,,
UME-SHISO TEMPURA,5.95,,HONDA YA,"UBEREATS, LOS ANGELES, CA",,,,,,,
FRENCH FRY,3.95,,HONDA YA,"UBEREATS, LOS ANGELES, CA",,,,,,,
AGEDASHI-TOFU,3.95,,HONDA YA,"UBEREATS, LOS ANGELES, CA",,,,,,,
AGEDASHI-MOCHI,3.95,,HONDA YA,"UBEREATS, LOS ANGELES, CA",,,,,,,
FRIED GARLIC,2.95,,HONDA YA,"UBEREATS, LOS ANGELES, CA",,,,,,,
SESAME FRIED CHICKEN,4.95,,HONDA YA,"UBEREATS, LOS ANGELES, CA",,,,,,,
TORI-NANKOTSU,5.95,,HONDA YA,"UBEREATS, LOS ANGELES, CA",,,,,,,
SOFT SHELL CRAB,6.95,,HONDA YA,"UBEREATS, LOS ANGELES, CA",,,,,,,
TONKATSU,5.95,,HONDA YA,"UBEREATS, LOS ANGELES, CA",,,,,,,
SHIBAEBI,4.95,,HONDA YA,"UBEREATS, LOS ANGELES, CA",,,,,,,
CHEESE AGE,3.95,,HONDA YA,"UBEREATS, LOS ANGELES, CA",,,,,,,
FRIED OYSTER,6.95,,HONDA YA,"UBEREATS, LOS ANGELES, CA",,,,,,,
FRIED SQUID LEG,4.95,,HONDA YA,"UBEREATS, LOS ANGELES, CA",,,,,,,
TAKO-KARA,5.95,,HONDA YA,"UBEREATS, LOS ANGELES, CA",,,,,,,
IDAKO-KARAAGE,7.95,,HONDA YA,"UBEREATS, LOS ANGELES, CA",,,,,,,
CRAB CHEESE CROQUETTE,3.95,,HONDA YA,"UBEREATS, LOS ANGELES, CA",,,,,,,
VEGETABLE CROQUETTE,4.5,,HONDA YA,"UBEREATS, LOS ANGELES, CA",,,,,,,
DEEP FRIED CHICKEN WINGS,6.95,,HONDA YA,"UBEREATS, LOS ANGELES, CA",,,,,,,
SAKE-IKURA BOWL,9.95,,HONDA YA,"UBEREATS, LOS ANGELES, CA",,,,,,,
EEL BOWL,12.95,,HONDA YA,"UBEREATS, LOS ANGELES, CA",,,,,,,
POKI BOWL (SPICY),10.95,,HONDA YA,"UBEREATS, LOS ANGELES, CA",,,,,,,
SASHIMI BOWL,12.95,,HONDA YA,"UBEREATS, LOS ANGELES, CA",,,,,,,
STEAMED RICE,1.5,,HONDA YA,"UBEREATS, LOS ANGELES, CA",,,,,,,
MISO SOUP,1.5,,HONDA YA,"UBEREATS, LOS ANGELES, CA",,,,,,,
CLAM MISO SOUP,1.5,,HONDA YA,"UBEREATS, LOS ANGELES, CA",,,,,,,
KINOKO MUSHROOMS,5.95,,HONDA YA,"UBEREATS, LOS ANGELES, CA",,,,,,,
SEAFOOD,6.95,,HONDA YA,"UBEREATS, LOS ANGELES, CA",,,,,,,
UME SALTY PLUM,4.95,,HONDA YA,"UBEREATS, LOS ANGELES, CA",,,,,,,
SALMON GRILLED SALMON FLAKE,4.95,,HONDA YA,"UBEREATS, LOS ANGELES, CA",,,,,,,
MENTAIKO SPICY COD ROE,5.95,,HONDA YA,"UBEREATS, LOS ANGELES, CA",,,,,,,
IKURA SALMON ROE,6.95,,HONDA YA,"UBEREATS, LOS ANGELES, CA",,,,,,,
ONIGIRI REGULAR RICE BALL,2.0,,HONDA YA,"UBEREATS, LOS ANGELES, CA",,,,,,,
YAKI-ONIGIRI GRILLED RICE BALL,2.95,,HONDA YA,"UBEREATS, LOS ANGELES, CA",,,,,,,
SHOYU SOY SAUCE FLAVOR,6.95,,HONDA YA,"UBEREATS, LOS ANGELES, CA",,,,,,,
MISO FLAVOR,7.25,,HONDA YA,"UBEREATS, LOS ANGELES, CA",,,,,,,
CHASYU,7.95,,HONDA YA,"UBEREATS, LOS ANGELES, CA",,,,,,,
NANBAN (SPICY),7.95,,HONDA YA,"UBEREATS, LOS ANGELES, CA",,,,,,,
ZARU COLD,6.5,,HONDA YA,"UBEREATS, LOS ANGELES, CA",,,,,,,
ZARU-TORORO COLD,7.5,,HONDA YA,"UBEREATS, LOS ANGELES, CA",,,,,,,
TEN-ZARU COLD,8.5,,HONDA YA,"UBEREATS, LOS ANGELES, CA",,,,,,,
TANUKI HOT,6.95,,HONDA YA,"UBEREATS, LOS ANGELES, CA",,,,,,,
KITSUNE HOT,6.95,,HONDA YA,"UBEREATS, LOS ANGELES, CA",,,,,,,
TORORO HOT,6.95,,HONDA YA,"UBEREATS, LOS ANGELES, CA",,,,,,,
BEEF HOT,7.95,,HONDA YA,"UBEREATS, LOS ANGELES, CA",,,,,,,
CHICKEN HOT,6.95,,HONDA YA,"UBEREATS, LOS ANGELES, CA",,,,,,,
TEMPURA HOT,7.95,,HONDA YA,"UBEREATS, LOS ANGELES, CA",,,,,,,
NABEYAKI UDON HOT,8.95,,HONDA YA,"UBEREATS, LOS ANGELES, CA",,,,,,,
YAKI-SOBA,7.5,,HONDA YA,"UBEREATS, LOS ANGELES, CA",,,,,,,
YAKI-UDON,7.5,,HONDA YA,"UBEREATS, LOS ANGELES, CA",,,,,,,
ONE ITEM DINNER,12.95,,HONDA YA,"UBEREATS, LOS ANGELES, CA",,,,,,,
TWO ITEM DINNER,14.95,,HONDA YA,"UBEREATS, LOS ANGELES, CA",,,,,,,
JAPANESE DINNER,13.95,,HONDA YA,"UBEREATS, LOS ANGELES, CA",,,,,,,
WHITE MEAT AND PLUM WITH BACON,2.85,,HONDA YA,"UBEREATS, LOS ANGELES, CA",,,,,,,
WHITE MEAT,2.0,,HONDA YA,"UBEREATS, LOS ANGELES, CA",,,,,,,
LIVER,2.0,,HONDA YA,"UBEREATS, LOS ANGELES, CA",,,,,,,
GIZZARD,2.0,,HONDA YA,"UBEREATS, LOS ANGELES, CA",,,,,,,
MEATBALL,2.25,,HONDA YA,"UBEREATS, LOS ANGELES, CA",,,,,,,
SKIN,2.25,,HONDA YA,"UBEREATS, LOS ANGELES, CA",,,,,,,
LEG MEAT,2.6,,HONDA YA,"UBEREATS, LOS ANGELES, CA",,,,,,,
WING,2.5,,HONDA YA,"UBEREATS, LOS ANGELES, CA",,,,,,,
SPICY WING,2.75,,HONDA YA,"UBEREATS, LOS ANGELES, CA",,,,,,,
CARTILAGE,2.5,,HONDA YA,"UBEREATS, LOS ANGELES, CA",,,,,,,
HEART,2.6,,HONDA YA,"UBEREATS, LOS ANGELES, CA",,,,,,,
NECK,2.5,,HONDA YA,"UBEREATS, LOS ANGELES, CA",,,,,,,
CHICKEN TAIL,2.5,,HONDA YA,"UBEREATS, LOS ANGELES, CA",,,,,,,
LAMB CHOP,4.5,,HONDA YA,"UBEREATS, LOS ANGELES, CA",,,,,,,
SPICY LAMB CHOP,4.5,,HONDA YA,"UBEREATS, LOS ANGELES, CA",,,,,,,
SHRIMP,3.95,,HONDA YA,"UBEREATS, LOS ANGELES, CA",,,,,,,
SCALLOP,3.95,,HONDA YA,"UBEREATS, LOS ANGELES, CA",,,,,,,
SCALLOP WITH BACON,2.6,,HONDA YA,"UBEREATS, LOS ANGELES, CA",,,,,,,
JAPANESE BEEF,4.0,,HONDA YA,"UBEREATS, LOS ANGELES, CA",,,,,,,
SAUSAGE WITH BACON,2.5,,HONDA YA,"UBEREATS, LOS ANGELES, CA",,,,,,,
SQUID LEGS,2.5,,HONDA YA,"UBEREATS, LOS ANGELES, CA",,,,,,,
QUAIL EGG,2.0,,HONDA YA,"UBEREATS, LOS ANGELES, CA",,,,,,,
BEEF TONGUE,2.35,,HONDA YA,"UBEREATS, LOS ANGELES, CA",,,,,,,
DUCK,3.5,,HONDA YA,"UBEREATS, LOS ANGELES, CA",,,,,,,
PORK BELLY,2.0,,HONDA YA,"UBEREATS, LOS ANGELES, CA",,,,,,,
FATTY PORK,2.5,,HONDA YA,"UBEREATS, LOS ANGELES, CA",,,,,,,
ASPARAGUS,1.9,,HONDA YA,"UBEREATS, LOS ANGELES, CA",,,,,,,
OKRA,1.8,,HONDA YA,"UBEREATS, LOS ANGELES, CA",,,,,,,
OKRA WITH BACON,2.25,,HONDA YA,"UBEREATS, LOS ANGELES, CA",,,,,,,
TOMATO,2.0,,HONDA YA,"UBEREATS, LOS ANGELES, CA",,,,,,,
TOMATO WITH BACON,2.5,,HONDA YA,"UBEREATS, LOS ANGELES, CA",,,,,,,
EGGPLANT,2.0,,HONDA YA,"UBEREATS, LOS ANGELES, CA",,,,,,,
ENOKI WITH BACON,2.5,,HONDA YA,"UBEREATS, LOS ANGELES, CA",,,,,,,
SHIITAKE MUSHROOM,2.5,,HONDA YA,"UBEREATS, LOS ANGELES, CA",,,,,,,
GINKGO NUTS,1.9,,HONDA YA,"UBEREATS, LOS ANGELES, CA",,,,,,,
GREEN CHILI,1.9,,HONDA YA,"UBEREATS, LOS ANGELES, CA",,,,,,,
CORN,2.0,,HONDA YA,"UBEREATS, LOS ANGELES, CA",,,,,,,
BABY ZUCCHINI,2.0,,HONDA YA,"UBEREATS, LOS ANGELES, CA",,,,,,,
