name,price_usd,calories,restaurant_name,identifier,sugars_g,cholesterol_mg,protein_g,fiber_g,fat_g,carbohydrates_g,sodium_mg
FEEL BETTER,5.9,,KREATION ORGANIC (SUNSET BLVD),"UBEREATS, LOS ANGELES, CA",,,,,,,
VITAMIN C,5.9,,KREATION ORGANIC (SUNSET BLVD),"UBEREATS, LOS ANGELES, CA",,,,,,,
GINGER SHOT,5.9,,KREATION ORGANIC (SUNSET BLVD),"UBEREATS, LOS ANGELES, CA",,,,,,,
CHI-CHIA PUDDING,7.95,,KREATION ORGANIC (SUNSET BLVD),"UBEREATS, LOS ANGELES, CA",,,,,,,
DECONGESTANT SHOT,5.9,,KREATION ORGANIC (SUNSET BLVD),"UBEREATS, LOS ANGELES, CA",,,,,,,
BEACH BUM,13.2,,KREATION ORGANIC (SUNSET BLVD),"UBEREATS, LOS ANGELES, CA",,,,,,,
GREEK GODDESS,13.2,,KREATION ORGANIC (SUNSET BLVD),"UBEREATS, LOS ANGELES, CA",,,,,,,
PAPI CHULO,13.2,,KREATION ORGANIC (SUNSET BLVD),"UBEREATS, LOS ANGELES, CA",,,,,,,
BROOKLYN HIPSTER,15.2,,KREATION ORGANIC (SUNSET BLVD),"UBEREATS, LOS ANGELES, CA",,,,,,,
KREATION COFFEE,3.5,,KREATION ORGANIC (SUNSET BLVD),"UBEREATS, LOS ANGELES, CA",,,,,,,
COLD PRESSED COFFEE,6.0,,KREATION ORGANIC (SUNSET BLVD),"UBEREATS, LOS ANGELES, CA",,,,,,,
ESPRESSO,3.5,,KREATION ORGANIC (SUNSET BLVD),"UBEREATS, LOS ANGELES, CA",,,,,,,
AMERICANO,3.75,,KREATION ORGANIC (SUNSET BLVD),"UBEREATS, LOS ANGELES, CA",,,,,,,
CAFE AU LAIT,4.0,,KREATION ORGANIC (SUNSET BLVD),"UBEREATS, LOS ANGELES, CA",,,,,,,
CAPPUCCINO,4.7,,KREATION ORGANIC (SUNSET BLVD),"UBEREATS, LOS ANGELES, CA",,,,,,,
CARMELLO,5.7,,KREATION ORGANIC (SUNSET BLVD),"UBEREATS, LOS ANGELES, CA",,,,,,,
MACCHIATO,4.5,,KREATION ORGANIC (SUNSET BLVD),"UBEREATS, LOS ANGELES, CA",,,,,,,
MOCHA,5.7,,KREATION ORGANIC (SUNSET BLVD),"UBEREATS, LOS ANGELES, CA",,,,,,,
HOT CHOCOLATE,3.75,,KREATION ORGANIC (SUNSET BLVD),"UBEREATS, LOS ANGELES, CA",,,,,,,
HOT MACA-LATE,5.5,,KREATION ORGANIC (SUNSET BLVD),"UBEREATS, LOS ANGELES, CA",,,,,,,
CHAI-LATTE,5.5,,KREATION ORGANIC (SUNSET BLVD),"UBEREATS, LOS ANGELES, CA",,,,,,,
LATTE,5.95,,KREATION ORGANIC (SUNSET BLVD),"UBEREATS, LOS ANGELES, CA",,,,,,,
VANILLA LATTE,5.95,,KREATION ORGANIC (SUNSET BLVD),"UBEREATS, LOS ANGELES, CA",,,,,,,
UPBEAT,7.25,,KREATION ORGANIC (SUNSET BLVD),"UBEREATS, LOS ANGELES, CA",,,,,,,
#GOLDGOALS,7.25,,KREATION ORGANIC (SUNSET BLVD),"UBEREATS, LOS ANGELES, CA",,,,,,,
MATCHAPPRECIATED,7.25,,KREATION ORGANIC (SUNSET BLVD),"UBEREATS, LOS ANGELES, CA",,,,,,,
BLUE VIBES,8.0,,KREATION ORGANIC (SUNSET BLVD),"UBEREATS, LOS ANGELES, CA",,,,,,,
LA VIDA MOCHA,6.7,,KREATION ORGANIC (SUNSET BLVD),"UBEREATS, LOS ANGELES, CA",,,,,,,
LOADED GUN,12.5,,KREATION ORGANIC (SUNSET BLVD),"UBEREATS, LOS ANGELES, CA",,,,,,,
MATCHA LATTE,12.5,,KREATION ORGANIC (SUNSET BLVD),"UBEREATS, LOS ANGELES, CA",,,,,,,
POOP ENFORCER,8.2,,KREATION ORGANIC (SUNSET BLVD),"UBEREATS, LOS ANGELES, CA",,,,,,,
FRESH GINGER,5.7,,KREATION ORGANIC (SUNSET BLVD),"UBEREATS, LOS ANGELES, CA",,,,,,,
FRESH TURMERIC,5.7,,KREATION ORGANIC (SUNSET BLVD),"UBEREATS, LOS ANGELES, CA",,,,,,,
EMERJUICTEA,5.5,,KREATION ORGANIC (SUNSET BLVD),"UBEREATS, LOS ANGELES, CA",,,,,,,
IMMUNITEA,5.5,,KREATION ORGANIC (SUNSET BLVD),"UBEREATS, LOS ANGELES, CA",,,,,,,
LOYALTEA,3.75,,KREATION ORGANIC (SUNSET BLVD),"UBEREATS, LOS ANGELES, CA",,,,,,,
MENTALITEA,3.75,,KREATION ORGANIC (SUNSET BLVD),"UBEREATS, LOS ANGELES, CA",,,,,,,
GENEROSITEA,3.75,,KREATION ORGANIC (SUNSET BLVD),"UBEREATS, LOS ANGELES, CA",,,,,,,
VITALITEA,3.75,,KREATION ORGANIC (SUNSET BLVD),"UBEREATS, LOS ANGELES, CA",,,,,,,
SPIRITUALITEA,3.75,,KREATION ORGANIC (SUNSET BLVD),"UBEREATS, LOS ANGELES, CA",,,,,,,
NUDITEA,3.75,,KREATION ORGANIC (SUNSET BLVD),"UBEREATS, LOS ANGELES, CA",,,,,,,
SEXUALITEA,3.75,,KREATION ORGANIC (SUNSET BLVD),"UBEREATS, LOS ANGELES, CA",,,,,,,
HONESTEA,3.75,,KREATION ORGANIC (SUNSET BLVD),"UBEREATS, LOS ANGELES, CA",,,,,,,
MODIFY,9.5,,KREATION ORGANIC (SUNSET BLVD),"UBEREATS, LOS ANGELES, CA",,,,,,,
DESTRESS,9.5,,KREATION ORGANIC (SUNSET BLVD),"UBEREATS, LOS ANGELES, CA",,,,,,,
UNITY 12,9.5,,KREATION ORGANIC (SUNSET BLVD),"UBEREATS, LOS ANGELES, CA",,,,,,,
ORANGE JUICE ((16 OZ)),7.2,,KREATION ORGANIC (SUNSET BLVD),"UBEREATS, LOS ANGELES, CA",,,,,,,
PEACEFUL,9.5,,KREATION ORGANIC (SUNSET BLVD),"UBEREATS, LOS ANGELES, CA",,,,,,,
HAPPY,9.5,,KREATION ORGANIC (SUNSET BLVD),"UBEREATS, LOS ANGELES, CA",,,,,,,
MASTER CLEANSE,8.95,,KREATION ORGANIC (SUNSET BLVD),"UBEREATS, LOS ANGELES, CA",,,,,,,
SLIM MASTER,8.95,,KREATION ORGANIC (SUNSET BLVD),"UBEREATS, LOS ANGELES, CA",,,,,,,
GLOW,9.5,,KREATION ORGANIC (SUNSET BLVD),"UBEREATS, LOS ANGELES, CA",,,,,,,
GREEN #1,9.5,,KREATION ORGANIC (SUNSET BLVD),"UBEREATS, LOS ANGELES, CA",,,,,,,
GREEN #2,9.5,,KREATION ORGANIC (SUNSET BLVD),"UBEREATS, LOS ANGELES, CA",,,,,,,
GREEN #3,9.5,,KREATION ORGANIC (SUNSET BLVD),"UBEREATS, LOS ANGELES, CA",,,,,,,
GREEN #4,9.5,,KREATION ORGANIC (SUNSET BLVD),"UBEREATS, LOS ANGELES, CA",,,,,,,
GREEN #5,9.5,,KREATION ORGANIC (SUNSET BLVD),"UBEREATS, LOS ANGELES, CA",,,,,,,
PROTEIN POWER,9.5,,KREATION ORGANIC (SUNSET BLVD),"UBEREATS, LOS ANGELES, CA",,,,,,,
YOUNG COCONUT,9.5,,KREATION ORGANIC (SUNSET BLVD),"UBEREATS, LOS ANGELES, CA",,,,,,,
CELERY JUICE,7.0,,KREATION ORGANIC (SUNSET BLVD),"UBEREATS, LOS ANGELES, CA",,,,,,,
SUPER DIGESTIVE CELERY,8.0,,KREATION ORGANIC (SUNSET BLVD),"UBEREATS, LOS ANGELES, CA",,,,,,,
FAT BURNER CELERY,8.0,,KREATION ORGANIC (SUNSET BLVD),"UBEREATS, LOS ANGELES, CA",,,,,,,
ORANGE JUICE (32 OZ),13.95,,KREATION ORGANIC (SUNSET BLVD),"UBEREATS, LOS ANGELES, CA",,,,,,,
GREEN 3 (32 OZ),13.95,,KREATION ORGANIC (SUNSET BLVD),"UBEREATS, LOS ANGELES, CA",,,,,,,
SERENITY,12.5,,KREATION ORGANIC (SUNSET BLVD),"UBEREATS, LOS ANGELES, CA",,,,,,,
ILLUMINATE,12.5,,KREATION ORGANIC (SUNSET BLVD),"UBEREATS, LOS ANGELES, CA",,,,,,,
CLARITY,12.5,,KREATION ORGANIC (SUNSET BLVD),"UBEREATS, LOS ANGELES, CA",,,,,,,
MARJAN’S FAVORITE (16 OZ),12.5,,KREATION ORGANIC (SUNSET BLVD),"UBEREATS, LOS ANGELES, CA",,,,,,,
MARJAN’S FAVORITE (32 OZ),16.95,,KREATION ORGANIC (SUNSET BLVD),"UBEREATS, LOS ANGELES, CA",,,,,,,
50 SHADES OF GREEN,12.5,,KREATION ORGANIC (SUNSET BLVD),"UBEREATS, LOS ANGELES, CA",,,,,,,
ENLIGHTEN,12.5,,KREATION ORGANIC (SUNSET BLVD),"UBEREATS, LOS ANGELES, CA",,,,,,,
TRANQUILITY,13.5,,KREATION ORGANIC (SUNSET BLVD),"UBEREATS, LOS ANGELES, CA",,,,,,,
KETO SMOOTHIE,13.5,,KREATION ORGANIC (SUNSET BLVD),"UBEREATS, LOS ANGELES, CA",,,,,,,
HEAVY METAL DETOX,13.5,,KREATION ORGANIC (SUNSET BLVD),"UBEREATS, LOS ANGELES, CA",,,,,,,
BLUE BOX BOOST,13.5,,KREATION ORGANIC (SUNSET BLVD),"UBEREATS, LOS ANGELES, CA",,,,,,,
GREEN DREAM,9.6,,KREATION ORGANIC (SUNSET BLVD),"UBEREATS, LOS ANGELES, CA",,,,,,,
YELLOW DIAMOND,9.6,,KREATION ORGANIC (SUNSET BLVD),"UBEREATS, LOS ANGELES, CA",,,,,,,
ORANGE SUNRISE,9.6,,KREATION ORGANIC (SUNSET BLVD),"UBEREATS, LOS ANGELES, CA",,,,,,,
PINK POWER,9.6,,KREATION ORGANIC (SUNSET BLVD),"UBEREATS, LOS ANGELES, CA",,,,,,,
AÇAI MIRACLE,9.6,,KREATION ORGANIC (SUNSET BLVD),"UBEREATS, LOS ANGELES, CA",,,,,,,
RED VELVET,9.6,,KREATION ORGANIC (SUNSET BLVD),"UBEREATS, LOS ANGELES, CA",,,,,,,
MAJOON (LOVE POTION),9.6,,KREATION ORGANIC (SUNSET BLVD),"UBEREATS, LOS ANGELES, CA",,,,,,,
MILKY WAY,9.6,,KREATION ORGANIC (SUNSET BLVD),"UBEREATS, LOS ANGELES, CA",,,,,,,
AWAKE,9.6,,KREATION ORGANIC (SUNSET BLVD),"UBEREATS, LOS ANGELES, CA",,,,,,,
CHOCOLATE LOVERS,9.6,,KREATION ORGANIC (SUNSET BLVD),"UBEREATS, LOS ANGELES, CA",,,,,,,
MINTBERRY BREEZE JUICE,9.6,,KREATION ORGANIC (SUNSET BLVD),"UBEREATS, LOS ANGELES, CA",,,,,,,
RISE N SHINE,9.6,,KREATION ORGANIC (SUNSET BLVD),"UBEREATS, LOS ANGELES, CA",,,,,,,
HANGOVER,9.6,,KREATION ORGANIC (SUNSET BLVD),"UBEREATS, LOS ANGELES, CA",,,,,,,
ENERGY,9.6,,KREATION ORGANIC (SUNSET BLVD),"UBEREATS, LOS ANGELES, CA",,,,,,,
LIQUID LOZENGE,9.6,,KREATION ORGANIC (SUNSET BLVD),"UBEREATS, LOS ANGELES, CA",,,,,,,
DIGESTION,9.6,,KREATION ORGANIC (SUNSET BLVD),"UBEREATS, LOS ANGELES, CA",,,,,,,
SKIN,9.6,,KREATION ORGANIC (SUNSET BLVD),"UBEREATS, LOS ANGELES, CA",,,,,,,
NATURAL GATORADE,9.6,,KREATION ORGANIC (SUNSET BLVD),"UBEREATS, LOS ANGELES, CA",,,,,,,
GRASSHOPPER,9.6,,KREATION ORGANIC (SUNSET BLVD),"UBEREATS, LOS ANGELES, CA",,,,,,,
BRAIN,9.6,,KREATION ORGANIC (SUNSET BLVD),"UBEREATS, LOS ANGELES, CA",,,,,,,
BITCH-B-GONE,9.6,,KREATION ORGANIC (SUNSET BLVD),"UBEREATS, LOS ANGELES, CA",,,,,,,
MANGONEADA BOWL,11.7,,KREATION ORGANIC (SUNSET BLVD),"UBEREATS, LOS ANGELES, CA",,,,,,,
AMAZON BOWL,11.7,,KREATION ORGANIC (SUNSET BLVD),"UBEREATS, LOS ANGELES, CA",,,,,,,
JUNGLE BOWL,11.7,,KREATION ORGANIC (SUNSET BLVD),"UBEREATS, LOS ANGELES, CA",,,,,,,
ZEN BOWL,13.25,,KREATION ORGANIC (SUNSET BLVD),"UBEREATS, LOS ANGELES, CA",,,,,,,
PURPLE FOREST BOWL,11.7,,KREATION ORGANIC (SUNSET BLVD),"UBEREATS, LOS ANGELES, CA",,,,,,,
CHOCO BOWL,11.7,,KREATION ORGANIC (SUNSET BLVD),"UBEREATS, LOS ANGELES, CA",,,,,,,
IMMUNE +,5.5,,KREATION ORGANIC (SUNSET BLVD),"UBEREATS, LOS ANGELES, CA",,,,,,,
EMER-JUI-C,5.5,,KREATION ORGANIC (SUNSET BLVD),"UBEREATS, LOS ANGELES, CA",,,,,,,
ANTIDOTE,5.5,,KREATION ORGANIC (SUNSET BLVD),"UBEREATS, LOS ANGELES, CA",,,,,,,
ANTIBIOTIC,5.9,,KREATION ORGANIC (SUNSET BLVD),"UBEREATS, LOS ANGELES, CA",,,,,,,
SKIN SHOT,5.9,,KREATION ORGANIC (SUNSET BLVD),"UBEREATS, LOS ANGELES, CA",,,,,,,
PURE LIQUID CHLOROPHYLL,2.25,,KREATION ORGANIC (SUNSET BLVD),"UBEREATS, LOS ANGELES, CA",,,,,,,
"LEMON, GINGER, & CAYENNE",2.75,,KREATION ORGANIC (SUNSET BLVD),"UBEREATS, LOS ANGELES, CA",,,,,,,
TURMERIC SHOT,2.5,,KREATION ORGANIC (SUNSET BLVD),"UBEREATS, LOS ANGELES, CA",,,,,,,
ALOE VERA,2.5,,KREATION ORGANIC (SUNSET BLVD),"UBEREATS, LOS ANGELES, CA",,,,,,,
APPLE CIDER VINEGAR WITH “THE MOTHER”,2.25,,KREATION ORGANIC (SUNSET BLVD),"UBEREATS, LOS ANGELES, CA",,,,,,,
GINSENG AND ROYAL JELLY,2.5,,KREATION ORGANIC (SUNSET BLVD),"UBEREATS, LOS ANGELES, CA",,,,,,,
GINGER LEMON COLLAGEN WATER,9.2,,KREATION ORGANIC (SUNSET BLVD),"UBEREATS, LOS ANGELES, CA",,,,,,,
STRAWBERRY LEMON COLLAGEN WATER,9.2,,KREATION ORGANIC (SUNSET BLVD),"UBEREATS, LOS ANGELES, CA",,,,,,,
LEMON,5.7,,KREATION ORGANIC (SUNSET BLVD),"UBEREATS, LOS ANGELES, CA",,,,,,,
PEPPERMINT,5.7,,KREATION ORGANIC (SUNSET BLVD),"UBEREATS, LOS ANGELES, CA",,,,,,,
CHLOROPHYLL,5.7,,KREATION ORGANIC (SUNSET BLVD),"UBEREATS, LOS ANGELES, CA",,,,,,,
LAVENDER,5.7,,KREATION ORGANIC (SUNSET BLVD),"UBEREATS, LOS ANGELES, CA",,,,,,,
NOT YOUR AVERAGE FARROUT VEGGIE MEDLEY,13.0,,KREATION ORGANIC (SUNSET BLVD),"UBEREATS, LOS ANGELES, CA",,,,,,,
NOT YOUR AVERAGE CHICK-LOAF,13.0,,KREATION ORGANIC (SUNSET BLVD),"UBEREATS, LOS ANGELES, CA",,,,,,,
NOT YOUR AVERAGE CHICKEN CHICKPEA TIKKA,13.0,,KREATION ORGANIC (SUNSET BLVD),"UBEREATS, LOS ANGELES, CA",,,,,,,
PALEO LIMON GREEN,8.5,,KREATION ORGANIC (SUNSET BLVD),"UBEREATS, LOS ANGELES, CA",,,,,,,
BUTTERNUT SQUASH PALEO SOUP,8.5,,KREATION ORGANIC (SUNSET BLVD),"UBEREATS, LOS ANGELES, CA",,,,,,,
PALEO TOMATO BASIL,8.5,,KREATION ORGANIC (SUNSET BLVD),"UBEREATS, LOS ANGELES, CA",,,,,,,
WHITE BEAN KALE SOUP,8.5,,KREATION ORGANIC (SUNSET BLVD),"UBEREATS, LOS ANGELES, CA",,,,,,,
MINESTRONE SOUP,8.5,,KREATION ORGANIC (SUNSET BLVD),"UBEREATS, LOS ANGELES, CA",,,,,,,
CAULIFLOWER PALEO SOUP,8.5,,KREATION ORGANIC (SUNSET BLVD),"UBEREATS, LOS ANGELES, CA",,,,,,,
WEIGHT LOSS CABBAGE,8.5,,KREATION ORGANIC (SUNSET BLVD),"UBEREATS, LOS ANGELES, CA",,,,,,,
TURKEY CHILI,8.5,,KREATION ORGANIC (SUNSET BLVD),"UBEREATS, LOS ANGELES, CA",,,,,,,
ASH SOUP,8.5,,KREATION ORGANIC (SUNSET BLVD),"UBEREATS, LOS ANGELES, CA",,,,,,,
CHICKEN & RICE SOUP,8.5,,KREATION ORGANIC (SUNSET BLVD),"UBEREATS, LOS ANGELES, CA",,,,,,,
CHICKEN TORTILLA SOUP,8.5,,KREATION ORGANIC (SUNSET BLVD),"UBEREATS, LOS ANGELES, CA",,,,,,,
ORGANIC FREE-RANGE CHICKEN BONE BROTH (32 OZ),12.0,,KREATION ORGANIC (SUNSET BLVD),"UBEREATS, LOS ANGELES, CA",,,,,,,
CHICKEN BONE BROTH 12 OZ,6.2,,KREATION ORGANIC (SUNSET BLVD),"UBEREATS, LOS ANGELES, CA",,,,,,,
BEEF BONE BROTH (32 OZ ),12.0,,KREATION ORGANIC (SUNSET BLVD),"UBEREATS, LOS ANGELES, CA",,,,,,,
BEEF BONE BROTH (12 OZ),6.2,,KREATION ORGANIC (SUNSET BLVD),"UBEREATS, LOS ANGELES, CA",,,,,,,
VEGAN BONELESS BROTH (12 OZ),6.2,,KREATION ORGANIC (SUNSET BLVD),"UBEREATS, LOS ANGELES, CA",,,,,,,
KINKY QUINOA KOMBO,14.25,,KREATION ORGANIC (SUNSET BLVD),"UBEREATS, LOS ANGELES, CA",,,,,,,
MELTDOWN SALAD,12.5,,KREATION ORGANIC (SUNSET BLVD),"UBEREATS, LOS ANGELES, CA",,,,,,,
KOBB SALAD,14.25,,KREATION ORGANIC (SUNSET BLVD),"UBEREATS, LOS ANGELES, CA",,,,,,,
CHINESE CHICKEN SALAD,14.25,,KREATION ORGANIC (SUNSET BLVD),"UBEREATS, LOS ANGELES, CA",,,,,,,
VEGAN MUSHROOM POKE BOWL,13.5,,KREATION ORGANIC (SUNSET BLVD),"UBEREATS, LOS ANGELES, CA",,,,,,,
HAIL VEGAN CHICKPEA CAESAR SALAD,11.75,,KREATION ORGANIC (SUNSET BLVD),"UBEREATS, LOS ANGELES, CA",,,,,,,
THAI TOFU SALAD,14.0,,KREATION ORGANIC (SUNSET BLVD),"UBEREATS, LOS ANGELES, CA",,,,,,,
GET WILD SALMON WRAP,14.25,,KREATION ORGANIC (SUNSET BLVD),"UBEREATS, LOS ANGELES, CA",,,,,,,
HAIL VEGAN CAESAR CHICKEN WRAP,13.25,,KREATION ORGANIC (SUNSET BLVD),"UBEREATS, LOS ANGELES, CA",,,,,,,
HOLY HUMMUS! WRAP,11.25,,KREATION ORGANIC (SUNSET BLVD),"UBEREATS, LOS ANGELES, CA",,,,,,,
MELTDOWN WRAP,13.25,,KREATION ORGANIC (SUNSET BLVD),"UBEREATS, LOS ANGELES, CA",,,,,,,
BUFFALO CAULIFLOWER WRAP,11.25,,KREATION ORGANIC (SUNSET BLVD),"UBEREATS, LOS ANGELES, CA",,,,,,,
CHINESE CHICKEN WRAP,13.25,,KREATION ORGANIC (SUNSET BLVD),"UBEREATS, LOS ANGELES, CA",,,,,,,
KINKY QUINOA WRAP,13.25,,KREATION ORGANIC (SUNSET BLVD),"UBEREATS, LOS ANGELES, CA",,,,,,,
FORBIDDEN CHICKEN,14.2,,KREATION ORGANIC (SUNSET BLVD),"UBEREATS, LOS ANGELES, CA",,,,,,,
DOUBLE DIP CHICKEN,11.2,,KREATION ORGANIC (SUNSET BLVD),"UBEREATS, LOS ANGELES, CA",,,,,,,
GO GO GARBANZO,9.2,,KREATION ORGANIC (SUNSET BLVD),"UBEREATS, LOS ANGELES, CA",,,,,,,
BUFFALO CAULIFLOWER TAPAS (SMALL),6.2,,KREATION ORGANIC (SUNSET BLVD),"UBEREATS, LOS ANGELES, CA",,,,,,,
BUFFALO CAULIFLOWER TAPAS (LARGE),10.2,,KREATION ORGANIC (SUNSET BLVD),"UBEREATS, LOS ANGELES, CA",,,,,,,
CHICKEN MEATBALLS,7.2,,KREATION ORGANIC (SUNSET BLVD),"UBEREATS, LOS ANGELES, CA",,,,,,,
BLACKENED CHICKEN,6.0,,KREATION ORGANIC (SUNSET BLVD),"UBEREATS, LOS ANGELES, CA",,,,,,,
EVERYDAY I'M BRUSSELIN',6.0,,KREATION ORGANIC (SUNSET BLVD),"UBEREATS, LOS ANGELES, CA",,,,,,,
GRILLED PORTOBELLO STEAK,6.0,,KREATION ORGANIC (SUNSET BLVD),"UBEREATS, LOS ANGELES, CA",,,,,,,
SCOTTISH SALMON,7.0,,KREATION ORGANIC (SUNSET BLVD),"UBEREATS, LOS ANGELES, CA",,,,,,,
TOFU STEAK,6.0,,KREATION ORGANIC (SUNSET BLVD),"UBEREATS, LOS ANGELES, CA",,,,,,,
O-MEGA RICH CACAO WITH ALMOND CHIA PUDDING,9.5,,KREATION ORGANIC (SUNSET BLVD),"UBEREATS, LOS ANGELES, CA",,,,,,,
AÇAI WITH ALMOND CHIA PUDDING,9.5,,KREATION ORGANIC (SUNSET BLVD),"UBEREATS, LOS ANGELES, CA",,,,,,,
CACAO PUDDING,6.2,,KREATION ORGANIC (SUNSET BLVD),"UBEREATS, LOS ANGELES, CA",,,,,,,
CARROT CAKE,2.7,,KREATION ORGANIC (SUNSET BLVD),"UBEREATS, LOS ANGELES, CA",,,,,,,
GLUTEN FREE PALEO BREAD,2.7,,KREATION ORGANIC (SUNSET BLVD),"UBEREATS, LOS ANGELES, CA",,,,,,,
ZUCCHINI BREAD,2.7,,KREATION ORGANIC (SUNSET BLVD),"UBEREATS, LOS ANGELES, CA",,,,,,,
BANANA WALNUT BREAD,2.7,,KREATION ORGANIC (SUNSET BLVD),"UBEREATS, LOS ANGELES, CA",,,,,,,
GLUTEN FREE COFFEE CAKE,2.7,,KREATION ORGANIC (SUNSET BLVD),"UBEREATS, LOS ANGELES, CA",,,,,,,
BLUEBERRY CAKE,2.7,,KREATION ORGANIC (SUNSET BLVD),"UBEREATS, LOS ANGELES, CA",,,,,,,
PUMPKIN BREAD,2.7,,KREATION ORGANIC (SUNSET BLVD),"UBEREATS, LOS ANGELES, CA",,,,,,,
ENERGIZE,5.5,,KREATION ORGANIC (SUNSET BLVD),"UBEREATS, LOS ANGELES, CA",,,,,,,
KLIMAX,5.5,,KREATION ORGANIC (SUNSET BLVD),"UBEREATS, LOS ANGELES, CA",,,,,,,
CHOCOLATE CHIP PEANUT BUTTER,5.5,,KREATION ORGANIC (SUNSET BLVD),"UBEREATS, LOS ANGELES, CA",,,,,,,
CHOCOLATE CHIP,5.5,,KREATION ORGANIC (SUNSET BLVD),"UBEREATS, LOS ANGELES, CA",,,,,,,
OATMEAL RAISIN,5.5,,KREATION ORGANIC (SUNSET BLVD),"UBEREATS, LOS ANGELES, CA",,,,,,,
GERMAN CHOCOLATE WITH COCONUT PECAN,5.5,,KREATION ORGANIC (SUNSET BLVD),"UBEREATS, LOS ANGELES, CA",,,,,,,
VEGAN DOUBLE CHOCOLATE BROWNIE,5.5,,KREATION ORGANIC (SUNSET BLVD),"UBEREATS, LOS ANGELES, CA",,,,,,,
CACAO ENERGY BALL,3.95,,KREATION ORGANIC (SUNSET BLVD),"UBEREATS, LOS ANGELES, CA",,,,,,,
MINT ENERGY BALL,3.95,,KREATION ORGANIC (SUNSET BLVD),"UBEREATS, LOS ANGELES, CA",,,,,,,
DEHYDRATED MANGO,7.95,,KREATION ORGANIC (SUNSET BLVD),"UBEREATS, LOS ANGELES, CA",,,,,,,
DEHYDRATED STRAWBERRIES,7.95,,KREATION ORGANIC (SUNSET BLVD),"UBEREATS, LOS ANGELES, CA",,,,,,,
