name,price_usd,calories,restaurant_name,identifier,sugars_g,cholesterol_mg,protein_g,fiber_g,fat_g,carbohydrates_g,sodium_mg
GIANT SHRIMP,12.99,,CATCH 21 SEAFOOD,"UBEREATS, LOS ANGELES, CA",,,,,,,
ORANGE ROUGHY,12.5,,CATCH 21 SEAFOOD,"UBEREATS, LOS ANGELES, CA",,,,,,,
SEA BASS,12.5,,CATCH 21 SEAFOOD,"UBEREATS, LOS ANGELES, CA",,,,,,,
HALIBUT,12.5,,CATCH 21 SEAFOOD,"UBEREATS, LOS ANGELES, CA",,,,,,,
COMBO THREE,10.0,,CATCH 21 SEAFOOD,"UBEREATS, LOS ANGELES, CA",,,,,,,
SEAFOOD MIXED,4.75,,CATCH 21 SEAFOOD,"UBEREATS, LOS ANGELES, CA",,,,,,,
SHRIMP,4.0,,CATCH 21 SEAFOOD,"UBEREATS, LOS ANGELES, CA",,,,,,,
CRAB MEAT,4.0,,CATCH 21 SEAFOOD,"UBEREATS, LOS ANGELES, CA",,,,,,,
SHRIMP AND CRAB,4.0,,CATCH 21 SEAFOOD,"UBEREATS, LOS ANGELES, CA",,,,,,,
TUNA CUP,3.5,,CATCH 21 SEAFOOD,"UBEREATS, LOS ANGELES, CA",,,,,,,
FRESH SALSA AND CHIPS,2.25,,CATCH 21 SEAFOOD,"UBEREATS, LOS ANGELES, CA",,,,,,,
LARGE SHRIMP,7.0,,CATCH 21 SEAFOOD,"UBEREATS, LOS ANGELES, CA",,,,,,,
GARDEN SALAD,4.0,,CATCH 21 SEAFOOD,"UBEREATS, LOS ANGELES, CA",,,,,,,
SHRIMP SALAD,7.5,,CATCH 21 SEAFOOD,"UBEREATS, LOS ANGELES, CA",,,,,,,
CRAB MEAT SALAD,7.5,,CATCH 21 SEAFOOD,"UBEREATS, LOS ANGELES, CA",,,,,,,
TUNA SALAD,7.5,,CATCH 21 SEAFOOD,"UBEREATS, LOS ANGELES, CA",,,,,,,
SHRIMP AND CRAB SALAD,8.0,,CATCH 21 SEAFOOD,"UBEREATS, LOS ANGELES, CA",,,,,,,
SHRIMP AND TUNA SALAD,8.0,,CATCH 21 SEAFOOD,"UBEREATS, LOS ANGELES, CA",,,,,,,
"SHRIMP, CRAB, AND TUNA SALAD",9.0,,CATCH 21 SEAFOOD,"UBEREATS, LOS ANGELES, CA",,,,,,,
NEW ENGLAND CLAM CHOWDER,2.5,,CATCH 21 SEAFOOD,"UBEREATS, LOS ANGELES, CA",,,,,,,
SEAFOOD STEW CHOWDER,2.5,,CATCH 21 SEAFOOD,"UBEREATS, LOS ANGELES, CA",,,,,,,
CLAM CHOWDER,2.5,,CATCH 21 SEAFOOD,"UBEREATS, LOS ANGELES, CA",,,,,,,
GARLIC ROLL CHOWDER,3.0,,CATCH 21 SEAFOOD,"UBEREATS, LOS ANGELES, CA",,,,,,,
TERIYAKI CHICKEN,7.5,,CATCH 21 SEAFOOD,"UBEREATS, LOS ANGELES, CA",,,,,,,
SEAFOOD SKEWER,8.0,,CATCH 21 SEAFOOD,"UBEREATS, LOS ANGELES, CA",,,,,,,
CHICKEN AND SEAFOOD,8.0,,CATCH 21 SEAFOOD,"UBEREATS, LOS ANGELES, CA",,,,,,,
BLACK TIGER SHRIMP,9.5,,CATCH 21 SEAFOOD,"UBEREATS, LOS ANGELES, CA",,,,,,,
CAJUN SHRIMP,9.5,,CATCH 21 SEAFOOD,"UBEREATS, LOS ANGELES, CA",,,,,,,
FISH SANDWICH,6.25,,CATCH 21 SEAFOOD,"UBEREATS, LOS ANGELES, CA",,,,,,,
TUNA SANDWICH,6.25,,CATCH 21 SEAFOOD,"UBEREATS, LOS ANGELES, CA",,,,,,,
BARBEQUE SANDWICH,7.25,,CATCH 21 SEAFOOD,"UBEREATS, LOS ANGELES, CA",,,,,,,
TERIYAKI CHICKEN SANDWICH,5.75,,CATCH 21 SEAFOOD,"UBEREATS, LOS ANGELES, CA",,,,,,,
FISH AND CHIPS,7.75,,CATCH 21 SEAFOOD,"UBEREATS, LOS ANGELES, CA",,,,,,,
SCALLOPS,8.5,,CATCH 21 SEAFOOD,"UBEREATS, LOS ANGELES, CA",,,,,,,
CLAMS,8.5,,CATCH 21 SEAFOOD,"UBEREATS, LOS ANGELES, CA",,,,,,,
CALAMARI,8.5,,CATCH 21 SEAFOOD,"UBEREATS, LOS ANGELES, CA",,,,,,,
WHOLE TILAPIA,10.0,,CATCH 21 SEAFOOD,"UBEREATS, LOS ANGELES, CA",,,,,,,
WHOLE CATFISH,10.0,,CATCH 21 SEAFOOD,"UBEREATS, LOS ANGELES, CA",,,,,,,
CHICKEN WINGS,8.99,,CATCH 21 SEAFOOD,"UBEREATS, LOS ANGELES, CA",,,,,,,
FISH AND CHICKEN,9.5,,CATCH 21 SEAFOOD,"UBEREATS, LOS ANGELES, CA",,,,,,,
FISH AND CLAMS,9.5,,CATCH 21 SEAFOOD,"UBEREATS, LOS ANGELES, CA",,,,,,,
FISH AND CALAMARI,9.5,,CATCH 21 SEAFOOD,"UBEREATS, LOS ANGELES, CA",,,,,,,
FISH AND SHRIMP,9.5,,CATCH 21 SEAFOOD,"UBEREATS, LOS ANGELES, CA",,,,,,,
FISH AND SCALLOPS,9.5,,CATCH 21 SEAFOOD,"UBEREATS, LOS ANGELES, CA",,,,,,,
FISH AND PORK RIBS,9.5,,CATCH 21 SEAFOOD,"UBEREATS, LOS ANGELES, CA",,,,,,,
SHRIMP AND CHICKEN,9.5,,CATCH 21 SEAFOOD,"UBEREATS, LOS ANGELES, CA",,,,,,,
SHRIMP AND CLAMS,9.5,,CATCH 21 SEAFOOD,"UBEREATS, LOS ANGELES, CA",,,,,,,
SHRIMP AND CALAMARI,9.5,,CATCH 21 SEAFOOD,"UBEREATS, LOS ANGELES, CA",,,,,,,
SHRIMP AND SCALLOPS,9.5,,CATCH 21 SEAFOOD,"UBEREATS, LOS ANGELES, CA",,,,,,,
SHRIMP AND PORK RIBS,9.5,,CATCH 21 SEAFOOD,"UBEREATS, LOS ANGELES, CA",,,,,,,
TUNA,9.5,,CATCH 21 SEAFOOD,"UBEREATS, LOS ANGELES, CA",,,,,,,
SNAPPER,9.5,,CATCH 21 SEAFOOD,"UBEREATS, LOS ANGELES, CA",,,,,,,
TROUT,9.5,,CATCH 21 SEAFOOD,"UBEREATS, LOS ANGELES, CA",,,,,,,
SOLE,9.5,,CATCH 21 SEAFOOD,"UBEREATS, LOS ANGELES, CA",,,,,,,
SWORDFISH,9.5,,CATCH 21 SEAFOOD,"UBEREATS, LOS ANGELES, CA",,,,,,,
SALMON,9.5,,CATCH 21 SEAFOOD,"UBEREATS, LOS ANGELES, CA",,,,,,,
TILIPIA FILLET,9.5,,CATCH 21 SEAFOOD,"UBEREATS, LOS ANGELES, CA",,,,,,,
HISTORY SMOKED HALF CHICKEN,6.75,,CATCH 21 SEAFOOD,"UBEREATS, LOS ANGELES, CA",,,,,,,
HISTORY SMOKED PORK RIBS,8.0,,CATCH 21 SEAFOOD,"UBEREATS, LOS ANGELES, CA",,,,,,,
HISTORY SMOKED BEEF RIBS,8.0,,CATCH 21 SEAFOOD,"UBEREATS, LOS ANGELES, CA",,,,,,,
COMBO ONE,8.75,,CATCH 21 SEAFOOD,"UBEREATS, LOS ANGELES, CA",,,,,,,
COMBO TWO,9.0,,CATCH 21 SEAFOOD,"UBEREATS, LOS ANGELES, CA",,,,,,,
SODAS,1.0,,CATCH 21 SEAFOOD,"UBEREATS, LOS ANGELES, CA",,,,,,,
