name,price_usd,calories,restaurant_name,identifier,sugars_g,cholesterol_mg,protein_g,fiber_g,fat_g,carbohydrates_g,sodium_mg
"HUEVOS ESTRELLADOS, CHORIZO Y QUESO",10.0,,DEIDAD RESTAURANT,"UBEREATS, LOS ANGELES, CA",,,,,,,
"PLATANITO FRITO, FRIJOL Y CREMA",7.0,,DEIDAD RESTAURANT,"UBEREATS, LOS ANGELES, CA",,,,,,,
"HUEVOS RANCHEROS, FRIJOL Y CREMA..",9.0,,DEIDAD RESTAURANT,"UBEREATS, LOS ANGELES, CA",,,,,,,
"CHORIZO REVUELTO CON HUEVOS, FRIJOL Y QUESO",9.0,,DEIDAD RESTAURANT,"UBEREATS, LOS ANGELES, CA",,,,,,,
"PAPAS REVUELTAS CON HUEVOS, FRIJOL Y QUESO",9.0,,DEIDAD RESTAURANT,"UBEREATS, LOS ANGELES, CA",,,,,,,
"EJOTES REVUELTOS CON HUEVOS, FRIJOL Y QUESO",9.0,,DEIDAD RESTAURANT,"UBEREATS, LOS ANGELES, CA",,,,,,,
"CHILAQUILES, HUEVOS ESTRELLADAS Y FRIJOL",12.0,,DEIDAD RESTAURANT,"UBEREATS, LOS ANGELES, CA",,,,,,,
EL TIPICO,13.0,,DEIDAD RESTAURANT,"UBEREATS, LOS ANGELES, CA",,,,,,,
SOPA DE GALLINA,13.0,,DEIDAD RESTAURANT,"UBEREATS, LOS ANGELES, CA",,,,,,,
SOPA DE RES,13.0,,DEIDAD RESTAURANT,"UBEREATS, LOS ANGELES, CA",,,,,,,
PATA DE PATA (SOPA DE PATA),13.0,,DEIDAD RESTAURANT,"UBEREATS, LOS ANGELES, CA",,,,,,,
SOPA DE 7 MARES,17.99,,DEIDAD RESTAURANT,"UBEREATS, LOS ANGELES, CA",,,,,,,
MEAT ASADA (CARNE ASADA),12.5,,DEIDAD RESTAURANT,"UBEREATS, LOS ANGELES, CA",,,,,,,
BISTEC ENSEBOLLADO,13.0,,DEIDAD RESTAURANT,"UBEREATS, LOS ANGELES, CA",,,,,,,
STEAK PICADO,13.0,,DEIDAD RESTAURANT,"UBEREATS, LOS ANGELES, CA",,,,,,,
CIELO MAR Y TIERRA,15.5,,DEIDAD RESTAURANT,"UBEREATS, LOS ANGELES, CA",,,,,,,
CHILE RELLENO CON QUESO,12.0,,DEIDAD RESTAURANT,"UBEREATS, LOS ANGELES, CA",,,,,,,
CHILE RELLENO CON MEAT (CHILE RELLENO CON CARNE),12.0,,DEIDAD RESTAURANT,"UBEREATS, LOS ANGELES, CA",,,,,,,
RELLENO DE PACAYA,10.0,,DEIDAD RESTAURANT,"UBEREATS, LOS ANGELES, CA",,,,,,,
CHICKEN IN THE MOUNTAIN (POLLO A LA PLANCHA),13.0,,DEIDAD RESTAURANT,"UBEREATS, LOS ANGELES, CA",,,,,,,
CHICKEN FAJITAS (FAJITAS DE POLLO),13.0,,DEIDAD RESTAURANT,"UBEREATS, LOS ANGELES, CA",,,,,,,
MEAT GUISADA (CARNE GUIZADA),12.5,,DEIDAD RESTAURANT,"UBEREATS, LOS ANGELES, CA",,,,,,,
RED MOLE WITH CHICKEN AND RICE (MOLE ROJO CON POLLO Y ARROZ),11.0,,DEIDAD RESTAURANT,"UBEREATS, LOS ANGELES, CA",,,,,,,
"BLACK MOLE, WITH CHICKEN AND RICE (MOLE NEGRO, CON POLLO Y ARROZ)",11.0,,DEIDAD RESTAURANT,"UBEREATS, LOS ANGELES, CA",,,,,,,
RED ENCHILADAS (ENCHILADAS ROJAS),11.0,,DEIDAD RESTAURANT,"UBEREATS, LOS ANGELES, CA",,,,,,,
REVUELTAS,3.0,,DEIDAD RESTAURANT,"UBEREATS, LOS ANGELES, CA",,,,,,,
CHICHARRON,3.0,,DEIDAD RESTAURANT,"UBEREATS, LOS ANGELES, CA",,,,,,,
FRIJOL Y CHEESE (FRIJOL Y QUESO),3.0,,DEIDAD RESTAURANT,"UBEREATS, LOS ANGELES, CA",,,,,,,
CHICHARRON AND CHEESE (CHICHARRON Y QUESO),3.0,,DEIDAD RESTAURANT,"UBEREATS, LOS ANGELES, CA",,,,,,,
ESPINACA AND CHEESE (ESPINACA Y QUESO),3.0,,DEIDAD RESTAURANT,"UBEREATS, LOS ANGELES, CA",,,,,,,
LOROCO Y CHEESE (LOROCO Y QUESO),3.25,,DEIDAD RESTAURANT,"UBEREATS, LOS ANGELES, CA",,,,,,,
AYOTE Y CHEESE (AYOTE Y QUESO),3.25,,DEIDAD RESTAURANT,"UBEREATS, LOS ANGELES, CA",,,,,,,
MOJARRA FRITA,13.99,,DEIDAD RESTAURANT,"UBEREATS, LOS ANGELES, CA",,,,,,,
FILETE DE MOJARRA,13.99,,DEIDAD RESTAURANT,"UBEREATS, LOS ANGELES, CA",,,,,,,
CAMARONES A LA PLANCHA,13.99,,DEIDAD RESTAURANT,"UBEREATS, LOS ANGELES, CA",,,,,,,
CAMARONES EMPANIZADOS,13.99,,DEIDAD RESTAURANT,"UBEREATS, LOS ANGELES, CA",,,,,,,
CAMARONES A LA DIABLA,13.99,,DEIDAD RESTAURANT,"UBEREATS, LOS ANGELES, CA",,,,,,,
CAMARONES AL MOJO DE AJO,13.99,,DEIDAD RESTAURANT,"UBEREATS, LOS ANGELES, CA",,,,,,,
PAN WITH CHICKEN (PAN CON POLLO),8.0,,DEIDAD RESTAURANT,"UBEREATS, LOS ANGELES, CA",,,,,,,
MEAT PASTELS (PASTELES DE CARNE),8.0,,DEIDAD RESTAURANT,"UBEREATS, LOS ANGELES, CA",,,,,,,
CHICHARRON CON YUCA,9.0,,DEIDAD RESTAURANT,"UBEREATS, LOS ANGELES, CA",,,,,,,
YUCA COCIDA CON CHICHARRON ENTOMATADO,10.0,,DEIDAD RESTAURANT,"UBEREATS, LOS ANGELES, CA",,,,,,,
DISHES O LECHE O FRIJOL (EMPANADAS DE LECHE O FRIJOL),6.5,,DEIDAD RESTAURANT,"UBEREATS, LOS ANGELES, CA",,,,,,,
CHICKEN TAMALES (TAMALES DE POLLO),3.0,,DEIDAD RESTAURANT,"UBEREATS, LOS ANGELES, CA",,,,,,,
TAMALES DE PUERCO,3.0,,DEIDAD RESTAURANT,"UBEREATS, LOS ANGELES, CA",,,,,,,
TAMALES DE ELOTE,3.0,,DEIDAD RESTAURANT,"UBEREATS, LOS ANGELES, CA",,,,,,,
NACHOS,8.5,,DEIDAD RESTAURANT,"UBEREATS, LOS ANGELES, CA",,,,,,,
TORTAS,8.0,,DEIDAD RESTAURANT,"UBEREATS, LOS ANGELES, CA",,,,,,,
TACOS,2.5,,DEIDAD RESTAURANT,"UBEREATS, LOS ANGELES, CA",,,,,,,
BURRITOS,8.0,,DEIDAD RESTAURANT,"UBEREATS, LOS ANGELES, CA",,,,,,,
BURRITOS MOJADOS,10.0,,DEIDAD RESTAURANT,"UBEREATS, LOS ANGELES, CA",,,,,,,
2 PUPUSAS DE QUEOS (WITH PAPAS Y BEBIDA) (2 PUPUSAS DE QUEOS (CON PAPAS Y BEBIDA)),6.5,,DEIDAD RESTAURANT,"UBEREATS, LOS ANGELES, CA",,,,,,,
HAMBURGUESA (WITH PAPAS AND DRINKS) (HAMBURGUESA (CON PAPAS Y BEBIDAS)),6.0,,DEIDAD RESTAURANT,"UBEREATS, LOS ANGELES, CA",,,,,,,
CHEESEBURGER (PAPAS Y BEVIDA),6.5,,DEIDAD RESTAURANT,"UBEREATS, LOS ANGELES, CA",,,,,,,
CHICKEN NUGGETS (CON PAPAS Y BEBIDA),6.5,,DEIDAD RESTAURANT,"UBEREATS, LOS ANGELES, CA",,,,,,,
FRESH WATER (AGUA FRESCAS),3.5,,DEIDAD RESTAURANT,"UBEREATS, LOS ANGELES, CA",,,,,,,
COLA CHAMPAGNE,3.0,,DEIDAD RESTAURANT,"UBEREATS, LOS ANGELES, CA",,,,,,,
COCA-COLA,3.0,,DEIDAD RESTAURANT,"UBEREATS, LOS ANGELES, CA",,,,,,,
JARRITOS,3.0,,DEIDAD RESTAURANT,"UBEREATS, LOS ANGELES, CA",,,,,,,
SPIRITE,3.0,,DEIDAD RESTAURANT,"UBEREATS, LOS ANGELES, CA",,,,,,,
COCA-COLA SPIRTE,1.5,,DEIDAD RESTAURANT,"UBEREATS, LOS ANGELES, CA",,,,,,,
ORANGE FANTA DIET COKE,1.5,,DEIDAD RESTAURANT,"UBEREATS, LOS ANGELES, CA",,,,,,,
