name,price_usd,calories,restaurant_name,identifier,sugars_g,cholesterol_mg,protein_g,fiber_g,fat_g,carbohydrates_g,sodium_mg
TWO PIECE MEAL,8.0,,POLLO CAMPERO (LOS ANGELES-W 7TH ST),"UBEREATS, LOS ANGELES, CA",,,,,,,
THREE PIECE MEAL,9.9,,POLLO CAMPERO (LOS ANGELES-W 7TH ST),"UBEREATS, LOS ANGELES, CA",,,,,,,
8 PIECE FAMILY MEAL,30.55,,POLLO CAMPERO (LOS ANGELES-W 7TH ST),"UBEREATS, LOS ANGELES, CA",,,,,,,
FOUR PIECE SPECIAL,14.3,,POLLO CAMPERO (LOS ANGELES-W 7TH ST),"UBEREATS, LOS ANGELES, CA",,,,,,,
20 PIECE FAMILY MEAL,59.7,,POLLO CAMPERO (LOS ANGELES-W 7TH ST),"UBEREATS, LOS ANGELES, CA",,,,,,,
SANDWICH ONLY,6.05,,POLLO CAMPERO (LOS ANGELES-W 7TH ST),"UBEREATS, LOS ANGELES, CA",,,,,,,
CAMPERO SANDWICH MEAL,8.8,,POLLO CAMPERO (LOS ANGELES-W 7TH ST),"UBEREATS, LOS ANGELES, CA",,,,,,,
CAMPERITOS MEAL (100% WHITE MEAT NUGGETS),9.1,,POLLO CAMPERO (LOS ANGELES-W 7TH ST),"UBEREATS, LOS ANGELES, CA",,,,,,,
EMPANADA TRIO MEAL,8.0,,POLLO CAMPERO (LOS ANGELES-W 7TH ST),"UBEREATS, LOS ANGELES, CA",,,,,,,
INDIVIDUAL EMPANADA,2.75,,POLLO CAMPERO (LOS ANGELES-W 7TH ST),"UBEREATS, LOS ANGELES, CA",,,,,,,
DRUMSTICK KIDS MEAL,6.05,,POLLO CAMPERO (LOS ANGELES-W 7TH ST),"UBEREATS, LOS ANGELES, CA",,,,,,,
CAMPERITOS KIDS MEAL,6.05,,POLLO CAMPERO (LOS ANGELES-W 7TH ST),"UBEREATS, LOS ANGELES, CA",,,,,,,
EMPANADA KIDS MEAL,6.05,,POLLO CAMPERO (LOS ANGELES-W 7TH ST),"UBEREATS, LOS ANGELES, CA",,,,,,,
CHICKEN BREAST SALAD,10.2,,POLLO CAMPERO (LOS ANGELES-W 7TH ST),"UBEREATS, LOS ANGELES, CA",,,,,,,
12 PIECE FAMILY MEAL,41.0,,POLLO CAMPERO (LOS ANGELES-W 7TH ST),"UBEREATS, LOS ANGELES, CA",,,,,,,
8 PIECES - CHICKEN ONLY,21.45,,POLLO CAMPERO (LOS ANGELES-W 7TH ST),"UBEREATS, LOS ANGELES, CA",,,,,,,
12 PIECES - CHICKEN ONLY,28.05,,POLLO CAMPERO (LOS ANGELES-W 7TH ST),"UBEREATS, LOS ANGELES, CA",,,,,,,
20 PIECES - CHICKEN ONLY,41.55,,POLLO CAMPERO (LOS ANGELES-W 7TH ST),"UBEREATS, LOS ANGELES, CA",,,,,,,
CAMPERITOS (WHITE MEAT NUGGETS),29.7,,POLLO CAMPERO (LOS ANGELES-W 7TH ST),"UBEREATS, LOS ANGELES, CA",,,,,,,
FRENCH FRIES,3.6,,POLLO CAMPERO (LOS ANGELES-W 7TH ST),"UBEREATS, LOS ANGELES, CA",,,,,,,
COLE SLAW,3.6,,POLLO CAMPERO (LOS ANGELES-W 7TH ST),"UBEREATS, LOS ANGELES, CA",,,,,,,
CAMPERO BEANS,3.6,,POLLO CAMPERO (LOS ANGELES-W 7TH ST),"UBEREATS, LOS ANGELES, CA",,,,,,,
CAMPERO RICE,3.6,,POLLO CAMPERO (LOS ANGELES-W 7TH ST),"UBEREATS, LOS ANGELES, CA",,,,,,,
MASHED POTATOES,3.6,,POLLO CAMPERO (LOS ANGELES-W 7TH ST),"UBEREATS, LOS ANGELES, CA",,,,,,,
YUCA FRIES,3.6,,POLLO CAMPERO (LOS ANGELES-W 7TH ST),"UBEREATS, LOS ANGELES, CA",,,,,,,
CORN SALAD,3.6,,POLLO CAMPERO (LOS ANGELES-W 7TH ST),"UBEREATS, LOS ANGELES, CA",,,,,,,
PLANTAINS,3.6,,POLLO CAMPERO (LOS ANGELES-W 7TH ST),"UBEREATS, LOS ANGELES, CA",,,,,,,
GARDEN SALAD,3.6,,POLLO CAMPERO (LOS ANGELES-W 7TH ST),"UBEREATS, LOS ANGELES, CA",,,,,,,
CARAMEL FLAN,2.75,,POLLO CAMPERO (LOS ANGELES-W 7TH ST),"UBEREATS, LOS ANGELES, CA",,,,,,,
CHOCOLATE CHIP COOKIE,1.1,,POLLO CAMPERO (LOS ANGELES-W 7TH ST),"UBEREATS, LOS ANGELES, CA",,,,,,,
ST. JUDE CARE CUP,5.5,,POLLO CAMPERO (LOS ANGELES-W 7TH ST),"UBEREATS, LOS ANGELES, CA",,,,,,,
DRINK - REGULAR,2.5,,POLLO CAMPERO (LOS ANGELES-W 7TH ST),"UBEREATS, LOS ANGELES, CA",,,,,,,
DRINK - LARGE,3.6,,POLLO CAMPERO (LOS ANGELES-W 7TH ST),"UBEREATS, LOS ANGELES, CA",,,,,,,
TAKE OUT GALLON: HORCHATA,11.0,,POLLO CAMPERO (LOS ANGELES-W 7TH ST),"UBEREATS, LOS ANGELES, CA",,,,,,,
TAKE OUT GALLON: MANGO,11.0,,POLLO CAMPERO (LOS ANGELES-W 7TH ST),"UBEREATS, LOS ANGELES, CA",,,,,,,
BOTTLED WATER,2.2,,POLLO CAMPERO (LOS ANGELES-W 7TH ST),"UBEREATS, LOS ANGELES, CA",,,,,,,
2 EMPANADAS $2.00,2.2,,POLLO CAMPERO (LOS ANGELES-W 7TH ST),"UBEREATS, LOS ANGELES, CA",,,,,,,
EXTRA CHICKEN,2.75,,POLLO CAMPERO (LOS ANGELES-W 7TH ST),"UBEREATS, LOS ANGELES, CA",,,,,,,
ADDITIONAL TORTILLA,0.55,,POLLO CAMPERO (LOS ANGELES-W 7TH ST),"UBEREATS, LOS ANGELES, CA",,,,,,,
ADDITIONAL DINNER ROLL,0.55,,POLLO CAMPERO (LOS ANGELES-W 7TH ST),"UBEREATS, LOS ANGELES, CA",,,,,,,
