name,price_usd,calories,restaurant_name,identifier,sugars_g,cholesterol_mg,protein_g,fiber_g,fat_g,carbohydrates_g,sodium_mg
TAKIS FUEGO 4 OZ,2.75,,CHEVRON EXTRAMILE (4000 SOUTH FIGUEROA),"UBEREATS, LOS ANGELES, CA",,,,,,,
EXTRAMILE PURIFIED WATER 1 GALLON,2.99,,CHEVRON EXTRAMILE (4000 SOUTH FIGUEROA),"UBEREATS, LOS ANGELES, CA",,,,,,,
FIJI WATER 1 LITER,3.99,,CHEVRON EXTRAMILE (4000 SOUTH FIGUEROA),"UBEREATS, LOS ANGELES, CA",,,,,,,
VITAMIN WATER POWER-C 32 OZ,3.7,,CHEVRON EXTRAMILE (4000 SOUTH FIGUEROA),"UBEREATS, LOS ANGELES, CA",,,,,,,
SPRITE 20 OZ BOTTLE,2.9,,CHEVRON EXTRAMILE (4000 SOUTH FIGUEROA),"UBEREATS, LOS ANGELES, CA",,,,,,,
5 COBALT 15CT,2.59,,CHEVRON EXTRAMILE (4000 SOUTH FIGUEROA),"UBEREATS, LOS ANGELES, CA",,,,,,,
5 RAIN GUM 15CT,2.59,,CHEVRON EXTRAMILE (4000 SOUTH FIGUEROA),"UBEREATS, LOS ANGELES, CA",,,,,,,
ALTOIDS PEPPERMINT 1.2 OZ,2.99,,CHEVRON EXTRAMILE (4000 SOUTH FIGUEROA),"UBEREATS, LOS ANGELES, CA",,,,,,,
EXTRA POLAR ICE 15 CT,2.35,,CHEVRON EXTRAMILE (4000 SOUTH FIGUEROA),"UBEREATS, LOS ANGELES, CA",,,,,,,
EXTRA SPEARMINT 15 CT,2.35,,CHEVRON EXTRAMILE (4000 SOUTH FIGUEROA),"UBEREATS, LOS ANGELES, CA",,,,,,,
EXTRAMILE DARK CHOCOLATE MINT CANDY BAR 2.15 OZ,2.59,,CHEVRON EXTRAMILE (4000 SOUTH FIGUEROA),"UBEREATS, LOS ANGELES, CA",,,,,,,
EXTRAMILE DARK CHOCOLATE RASPBERRY CANDY BAR 2.15 OZ,2.59,,CHEVRON EXTRAMILE (4000 SOUTH FIGUEROA),"UBEREATS, LOS ANGELES, CA",,,,,,,
EXTRAMILE MILK CHOCOLATE SWEET SALTED CARAMEL 2.15 OZ,2.59,,CHEVRON EXTRAMILE (4000 SOUTH FIGUEROA),"UBEREATS, LOS ANGELES, CA",,,,,,,
FASTBREAK KING SIZE 3.25 OZ,2.99,,CHEVRON EXTRAMILE (4000 SOUTH FIGUEROA),"UBEREATS, LOS ANGELES, CA",,,,,,,
HARIBO GOLDBEARS 10 OZ,5.09,,CHEVRON EXTRAMILE (4000 SOUTH FIGUEROA),"UBEREATS, LOS ANGELES, CA",,,,,,,
HARIBO GOLDBEARS 5 OZ,2.85,,CHEVRON EXTRAMILE (4000 SOUTH FIGUEROA),"UBEREATS, LOS ANGELES, CA",,,,,,,
HERSHE'SY MILK CHOCOLATE KING SIZE 3 OZ,2.99,,CHEVRON EXTRAMILE (4000 SOUTH FIGUEROA),"UBEREATS, LOS ANGELES, CA",,,,,,,
HERSHEY'S MILK CHOCOLATE WITH ALMONDS KING SIZE 3 OZ,2.99,,CHEVRON EXTRAMILE (4000 SOUTH FIGUEROA),"UBEREATS, LOS ANGELES, CA",,,,,,,
ICE BREAKERS COOLMINT 1.5 OZ,3.7,,CHEVRON EXTRAMILE (4000 SOUTH FIGUEROA),"UBEREATS, LOS ANGELES, CA",,,,,,,
KIT KAT KING SIZE 3 OZ,2.99,,CHEVRON EXTRAMILE (4000 SOUTH FIGUEROA),"UBEREATS, LOS ANGELES, CA",,,,,,,
M&M MILK CHOCOLATE KING SIZE 3.14 OZ,2.99,,CHEVRON EXTRAMILE (4000 SOUTH FIGUEROA),"UBEREATS, LOS ANGELES, CA",,,,,,,
M&M PEANUT KING SIZE 3 OZ,2.99,,CHEVRON EXTRAMILE (4000 SOUTH FIGUEROA),"UBEREATS, LOS ANGELES, CA",,,,,,,
MENTOS MINT 1.3 OZ,2.1,,CHEVRON EXTRAMILE (4000 SOUTH FIGUEROA),"UBEREATS, LOS ANGELES, CA",,,,,,,
MENTOS MIXED FRUITS 1.3 OZ,2.1,,CHEVRON EXTRAMILE (4000 SOUTH FIGUEROA),"UBEREATS, LOS ANGELES, CA",,,,,,,
MILKY WAY 3.63 OZ,2.99,,CHEVRON EXTRAMILE (4000 SOUTH FIGUEROA),"UBEREATS, LOS ANGELES, CA",,,,,,,
MR GOODBAR 2.6 OZ,2.99,,CHEVRON EXTRAMILE (4000 SOUTH FIGUEROA),"UBEREATS, LOS ANGELES, CA",,,,,,,
RED VINE TRAY 5 5 OZ,2.99,,CHEVRON EXTRAMILE (4000 SOUTH FIGUEROA),"UBEREATS, LOS ANGELES, CA",,,,,,,
REESE'S PEANUT BUTTER CUP KING SIZE 3 OZ,2.99,,CHEVRON EXTRAMILE (4000 SOUTH FIGUEROA),"UBEREATS, LOS ANGELES, CA",,,,,,,
REESE'S STICKS KING SIZE 3 OZ,2.99,,CHEVRON EXTRAMILE (4000 SOUTH FIGUEROA),"UBEREATS, LOS ANGELES, CA",,,,,,,
SKITTLES 2.17 OZ,2.35,,CHEVRON EXTRAMILE (4000 SOUTH FIGUEROA),"UBEREATS, LOS ANGELES, CA",,,,,,,
SNICKERS KING SIZE 3.29 OZ,2.99,,CHEVRON EXTRAMILE (4000 SOUTH FIGUEROA),"UBEREATS, LOS ANGELES, CA",,,,,,,
SOUR PATCH WATERMELON 5 OZ,2.85,,CHEVRON EXTRAMILE (4000 SOUTH FIGUEROA),"UBEREATS, LOS ANGELES, CA",,,,,,,
TIC TACS 1 OZ,2.49,,CHEVRON EXTRAMILE (4000 SOUTH FIGUEROA),"UBEREATS, LOS ANGELES, CA",,,,,,,
TIC TACS FRESHMINT 1 OZ,2.49,,CHEVRON EXTRAMILE (4000 SOUTH FIGUEROA),"UBEREATS, LOS ANGELES, CA",,,,,,,
TRIDENT SPEARMINT 15 OZ,2.35,,CHEVRON EXTRAMILE (4000 SOUTH FIGUEROA),"UBEREATS, LOS ANGELES, CA",,,,,,,
TROLLI SOUR BRITE CRAWLERS 5 OZ,2.85,,CHEVRON EXTRAMILE (4000 SOUTH FIGUEROA),"UBEREATS, LOS ANGELES, CA",,,,,,,
TWIX CARAMEL KING SIZE 3 OZ,2.99,,CHEVRON EXTRAMILE (4000 SOUTH FIGUEROA),"UBEREATS, LOS ANGELES, CA",,,,,,,
KELLOGG'S FUN PACK 8.56 OZ,6.69,,CHEVRON EXTRAMILE (4000 SOUTH FIGUEROA),"UBEREATS, LOS ANGELES, CA",,,,,,,
QUAKER MAPLE & BROWN SUGAR INSTANT OATMEAL 1.69 OZ,2.35,,CHEVRON EXTRAMILE (4000 SOUTH FIGUEROA),"UBEREATS, LOS ANGELES, CA",,,,,,,
FRITO BEAN DIP 9 OZ,4.2,,CHEVRON EXTRAMILE (4000 SOUTH FIGUEROA),"UBEREATS, LOS ANGELES, CA",,,,,,,
FRITO HOT BEAN DIP 9 OZ,4.2,,CHEVRON EXTRAMILE (4000 SOUTH FIGUEROA),"UBEREATS, LOS ANGELES, CA",,,,,,,
FRITO JALAPENO DIP 9 OZ,4.2,,CHEVRON EXTRAMILE (4000 SOUTH FIGUEROA),"UBEREATS, LOS ANGELES, CA",,,,,,,
FRITO SMALL BEAN DIP 3.13 OZ,1.49,,CHEVRON EXTRAMILE (4000 SOUTH FIGUEROA),"UBEREATS, LOS ANGELES, CA",,,,,,,
TOSTITOS SALSA 15 OZ,4.95,,CHEVRON EXTRAMILE (4000 SOUTH FIGUEROA),"UBEREATS, LOS ANGELES, CA",,,,,,,
TOSTITOS SALSA QUESO 15 OZ,4.95,,CHEVRON EXTRAMILE (4000 SOUTH FIGUEROA),"UBEREATS, LOS ANGELES, CA",,,,,,,
FRECHS MUSTARD SQZ 8 OZ,4.95,,CHEVRON EXTRAMILE (4000 SOUTH FIGUEROA),"UBEREATS, LOS ANGELES, CA",,,,,,,
HEINZ EASY SQUEEZE KETCHUP 20 OZ,4.95,,CHEVRON EXTRAMILE (4000 SOUTH FIGUEROA),"UBEREATS, LOS ANGELES, CA",,,,,,,
JIF CREAMY PEANUT BUTTER 16 OZ,4.95,,CHEVRON EXTRAMILE (4000 SOUTH FIGUEROA),"UBEREATS, LOS ANGELES, CA",,,,,,,
SMUCKERS STRAWBERRY JAM 12 OZ,4.35,,CHEVRON EXTRAMILE (4000 SOUTH FIGUEROA),"UBEREATS, LOS ANGELES, CA",,,,,,,
TAPATIO HOT SAUCE 5 OZ,1.85,,CHEVRON EXTRAMILE (4000 SOUTH FIGUEROA),"UBEREATS, LOS ANGELES, CA",,,,,,,
5-HOUR ENERGY BERRY 1.93 OZ,4.35,,CHEVRON EXTRAMILE (4000 SOUTH FIGUEROA),"UBEREATS, LOS ANGELES, CA",,,,,,,
5-HOUR ENERGY EXTRA STRENGHT APPLE 1.93 OZ,4.59,,CHEVRON EXTRAMILE (4000 SOUTH FIGUEROA),"UBEREATS, LOS ANGELES, CA",,,,,,,
5-HOUR ENERGY EXTRA STRENGHT BERRY 1.93 OZ,4.59,,CHEVRON EXTRAMILE (4000 SOUTH FIGUEROA),"UBEREATS, LOS ANGELES, CA",,,,,,,
5-HOUR ENERGY EXTRA STRENGHT GRAPE 1.93 OZ,4.59,,CHEVRON EXTRAMILE (4000 SOUTH FIGUEROA),"UBEREATS, LOS ANGELES, CA",,,,,,,
5-HOUR ENERGY POMEGRANATE 1.93 OZ,4.35,,CHEVRON EXTRAMILE (4000 SOUTH FIGUEROA),"UBEREATS, LOS ANGELES, CA",,,,,,,
AQUAFINA WATER 1 LITER,2.59,,CHEVRON EXTRAMILE (4000 SOUTH FIGUEROA),"UBEREATS, LOS ANGELES, CA",,,,,,,
BANG PEACH MANGO 16 OZ CAN,3.79,,CHEVRON EXTRAMILE (4000 SOUTH FIGUEROA),"UBEREATS, LOS ANGELES, CA",,,,,,,
BANG PEACH MANGO 3 PL,4.2,,CHEVRON EXTRAMILE (4000 SOUTH FIGUEROA),"UBEREATS, LOS ANGELES, CA",,,,,,,
BANG PURPLE HAZE 16 OZ CAN,3.79,,CHEVRON EXTRAMILE (4000 SOUTH FIGUEROA),"UBEREATS, LOS ANGELES, CA",,,,,,,
BANG PURPLE HAZE 3 PL,4.2,,CHEVRON EXTRAMILE (4000 SOUTH FIGUEROA),"UBEREATS, LOS ANGELES, CA",,,,,,,
BANG RAINBOW UNICORN 16 OZ CAN,3.79,,CHEVRON EXTRAMILE (4000 SOUTH FIGUEROA),"UBEREATS, LOS ANGELES, CA",,,,,,,
BANG RAINBOW UNICORN 3 PL,4.2,,CHEVRON EXTRAMILE (4000 SOUTH FIGUEROA),"UBEREATS, LOS ANGELES, CA",,,,,,,
BANG STAR BLAST 16OZ CAN,3.79,,CHEVRON EXTRAMILE (4000 SOUTH FIGUEROA),"UBEREATS, LOS ANGELES, CA",,,,,,,
CANADA DRY GINGER ALE 20 OZ BOTTLE,2.79,,CHEVRON EXTRAMILE (4000 SOUTH FIGUEROA),"UBEREATS, LOS ANGELES, CA",,,,,,,
COFFEE LARGE,1.99,,CHEVRON EXTRAMILE (4000 SOUTH FIGUEROA),"UBEREATS, LOS ANGELES, CA",,,,,,,
COFFEE MEDIUM,1.89,,CHEVRON EXTRAMILE (4000 SOUTH FIGUEROA),"UBEREATS, LOS ANGELES, CA",,,,,,,
COFFEE SMALL,1.79,,CHEVRON EXTRAMILE (4000 SOUTH FIGUEROA),"UBEREATS, LOS ANGELES, CA",,,,,,,
COKE 12 PACK 12 OZ CAN,9.39,,CHEVRON EXTRAMILE (4000 SOUTH FIGUEROA),"UBEREATS, LOS ANGELES, CA",,,,,,,
COKE CLASSIC 16 OZ CAN,2.4,,CHEVRON EXTRAMILE (4000 SOUTH FIGUEROA),"UBEREATS, LOS ANGELES, CA",,,,,,,
COKE CLASSIC 2 LITER,3.19,,CHEVRON EXTRAMILE (4000 SOUTH FIGUEROA),"UBEREATS, LOS ANGELES, CA",,,,,,,
COKE CLASSIC 20 OZ BOTTLE,2.9,,CHEVRON EXTRAMILE (4000 SOUTH FIGUEROA),"UBEREATS, LOS ANGELES, CA",,,,,,,
COKE DIET FRIDGE PACK 12 PACK/12 OZ CANS,9.39,,CHEVRON EXTRAMILE (4000 SOUTH FIGUEROA),"UBEREATS, LOS ANGELES, CA",,,,,,,
COKE ZERO 20 OZ,2.79,,CHEVRON EXTRAMILE (4000 SOUTH FIGUEROA),"UBEREATS, LOS ANGELES, CA",,,,,,,
DIET COKE 20 OZ,2.79,,CHEVRON EXTRAMILE (4000 SOUTH FIGUEROA),"UBEREATS, LOS ANGELES, CA",,,,,,,
DIET COKE 2 L,3.19,,CHEVRON EXTRAMILE (4000 SOUTH FIGUEROA),"UBEREATS, LOS ANGELES, CA",,,,,,,
DIET PEPSI 20 OZ,2.79,,CHEVRON EXTRAMILE (4000 SOUTH FIGUEROA),"UBEREATS, LOS ANGELES, CA",,,,,,,
DOCTOR PEPPER 20 OZ,2.79,,CHEVRON EXTRAMILE (4000 SOUTH FIGUEROA),"UBEREATS, LOS ANGELES, CA",,,,,,,
ELECTROLIT COCONUT 21 OZ,4.05,,CHEVRON EXTRAMILE (4000 SOUTH FIGUEROA),"UBEREATS, LOS ANGELES, CA",,,,,,,
ELECTROLIT GRAPE 21 OZ,4.05,,CHEVRON EXTRAMILE (4000 SOUTH FIGUEROA),"UBEREATS, LOS ANGELES, CA",,,,,,,
ELECTROLIT ORANGE 21 OZ,4.05,,CHEVRON EXTRAMILE (4000 SOUTH FIGUEROA),"UBEREATS, LOS ANGELES, CA",,,,,,,
ELECTROLIT STRAWBERRY KIWI 21 OZ,4.05,,CHEVRON EXTRAMILE (4000 SOUTH FIGUEROA),"UBEREATS, LOS ANGELES, CA",,,,,,,
EXTRAMILE PURIFIED WATER 1 LITER,2.1,,CHEVRON EXTRAMILE (4000 SOUTH FIGUEROA),"UBEREATS, LOS ANGELES, CA",,,,,,,
EXTRAMILE PURIFIED WATER 24 OZ BOTTLE,1.79,,CHEVRON EXTRAMILE (4000 SOUTH FIGUEROA),"UBEREATS, LOS ANGELES, CA",,,,,,,
GATORADE FIERCE GRAPE 28 OZ,3.49,,CHEVRON EXTRAMILE (4000 SOUTH FIGUEROA),"UBEREATS, LOS ANGELES, CA",,,,,,,
GATORADE FIERCE STRAWBERRY 28 OZ,3.49,,CHEVRON EXTRAMILE (4000 SOUTH FIGUEROA),"UBEREATS, LOS ANGELES, CA",,,,,,,
GATORADE FRUIT PUNCH 28 OZ,3.49,,CHEVRON EXTRAMILE (4000 SOUTH FIGUEROA),"UBEREATS, LOS ANGELES, CA",,,,,,,
GATORADE LEMON LIME 28 OZ,3.49,,CHEVRON EXTRAMILE (4000 SOUTH FIGUEROA),"UBEREATS, LOS ANGELES, CA",,,,,,,
GATORADE ORANGE 28 OZ,3.49,,CHEVRON EXTRAMILE (4000 SOUTH FIGUEROA),"UBEREATS, LOS ANGELES, CA",,,,,,,
MONSTER ENERGY 16 OZ CAN,3.79,,CHEVRON EXTRAMILE (4000 SOUTH FIGUEROA),"UBEREATS, LOS ANGELES, CA",,,,,,,
MONSTER ENERGY 24 OZ CAN,4.8,,CHEVRON EXTRAMILE (4000 SOUTH FIGUEROA),"UBEREATS, LOS ANGELES, CA",,,,,,,
MONSTER ENERGY ZERO ULTRA 16OZ,3.79,,CHEVRON EXTRAMILE (4000 SOUTH FIGUEROA),"UBEREATS, LOS ANGELES, CA",,,,,,,
MOUNTAIN DEW 20 OZ,2.79,,CHEVRON EXTRAMILE (4000 SOUTH FIGUEROA),"UBEREATS, LOS ANGELES, CA",,,,,,,
MOUNTAIN DEW FRIDGE PACK 12 PACK/12 OZ CANS,9.09,,CHEVRON EXTRAMILE (4000 SOUTH FIGUEROA),"UBEREATS, LOS ANGELES, CA",,,,,,,
NAKED JUICE BLUE MACHINE 15.2 OZ,4.65,,CHEVRON EXTRAMILE (4000 SOUTH FIGUEROA),"UBEREATS, LOS ANGELES, CA",,,,,,,
NAKED JUICE GREEN MACHINE 15.2 OZ,4.65,,CHEVRON EXTRAMILE (4000 SOUTH FIGUEROA),"UBEREATS, LOS ANGELES, CA",,,,,,,
NAKED JUICE STAWBERRY BANANA 15.2 OZ,4.65,,CHEVRON EXTRAMILE (4000 SOUTH FIGUEROA),"UBEREATS, LOS ANGELES, CA",,,,,,,
NESQUIK CHOCOLATE MILK 14 OZ,3.05,,CHEVRON EXTRAMILE (4000 SOUTH FIGUEROA),"UBEREATS, LOS ANGELES, CA",,,,,,,
NESQUIK DOUBLE CHOCOLATE MILK 14 OZ,3.05,,CHEVRON EXTRAMILE (4000 SOUTH FIGUEROA),"UBEREATS, LOS ANGELES, CA",,,,,,,
NESQUIK STRAWBERRIE MILK 14 OZ,3.05,,CHEVRON EXTRAMILE (4000 SOUTH FIGUEROA),"UBEREATS, LOS ANGELES, CA",,,,,,,
PEPSI 20 OZ BOTTLE,2.79,,CHEVRON EXTRAMILE (4000 SOUTH FIGUEROA),"UBEREATS, LOS ANGELES, CA",,,,,,,
RED BULL ENERGY 12 OZ,4.65,,CHEVRON EXTRAMILE (4000 SOUTH FIGUEROA),"UBEREATS, LOS ANGELES, CA",,,,,,,
RED BULL ENERGY 16 OZ,5.5,,CHEVRON EXTRAMILE (4000 SOUTH FIGUEROA),"UBEREATS, LOS ANGELES, CA",,,,,,,
RED BULL ENERGY 8.4 OZ,3.65,,CHEVRON EXTRAMILE (4000 SOUTH FIGUEROA),"UBEREATS, LOS ANGELES, CA",,,,,,,
RED BULL SUGAR FREE ENERGY 12 OZ,4.65,,CHEVRON EXTRAMILE (4000 SOUTH FIGUEROA),"UBEREATS, LOS ANGELES, CA",,,,,,,
RED BULL SUGAR FREE ENERGY 8.4 OZ,3.65,,CHEVRON EXTRAMILE (4000 SOUTH FIGUEROA),"UBEREATS, LOS ANGELES, CA",,,,,,,
ROCKSTAR 16 OZ CAN,3.79,,CHEVRON EXTRAMILE (4000 SOUTH FIGUEROA),"UBEREATS, LOS ANGELES, CA",,,,,,,
ROOTBEER 20 OZ,2.79,,CHEVRON EXTRAMILE (4000 SOUTH FIGUEROA),"UBEREATS, LOS ANGELES, CA",,,,,,,
SHAMROCK 1% MILK 12 OZ,2.4,,CHEVRON EXTRAMILE (4000 SOUTH FIGUEROA),"UBEREATS, LOS ANGELES, CA",,,,,,,
SHAMROCK 2% MILK HG,4.45,,CHEVRON EXTRAMILE (4000 SOUTH FIGUEROA),"UBEREATS, LOS ANGELES, CA",,,,,,,
SHAMROCK CHOCOLATE MILK 12 OZ,2.4,,CHEVRON EXTRAMILE (4000 SOUTH FIGUEROA),"UBEREATS, LOS ANGELES, CA",,,,,,,
SHAMROCK WHOLE MILK HG,4.45,,CHEVRON EXTRAMILE (4000 SOUTH FIGUEROA),"UBEREATS, LOS ANGELES, CA",,,,,,,
SHAMROCK WHOLE MILK 12 OZ,2.4,,CHEVRON EXTRAMILE (4000 SOUTH FIGUEROA),"UBEREATS, LOS ANGELES, CA",,,,,,,
SIMPLY ORANGE JUICE 11.5 OZ,2.65,,CHEVRON EXTRAMILE (4000 SOUTH FIGUEROA),"UBEREATS, LOS ANGELES, CA",,,,,,,
SMART WATER 1 LITER,3.59,,CHEVRON EXTRAMILE (4000 SOUTH FIGUEROA),"UBEREATS, LOS ANGELES, CA",,,,,,,
SMART WATER SPORT CAP 700 ML,2.9,,CHEVRON EXTRAMILE (4000 SOUTH FIGUEROA),"UBEREATS, LOS ANGELES, CA",,,,,,,
SNAPPLE PEACH TEA 16 OZ BOTTLE,2.19,,CHEVRON EXTRAMILE (4000 SOUTH FIGUEROA),"UBEREATS, LOS ANGELES, CA",,,,,,,
SPRITE 16 OZ CAN,2.4,,CHEVRON EXTRAMILE (4000 SOUTH FIGUEROA),"UBEREATS, LOS ANGELES, CA",,,,,,,
SPRITE FRIDGE PACK 12 PACK/12 OZ CANS,9.39,,CHEVRON EXTRAMILE (4000 SOUTH FIGUEROA),"UBEREATS, LOS ANGELES, CA",,,,,,,
STARBUCKS FRAPPUCCINO MOCHA 13.7 OZ,4.39,,CHEVRON EXTRAMILE (4000 SOUTH FIGUEROA),"UBEREATS, LOS ANGELES, CA",,,,,,,
STARBUCKS FRAPPUCCINO VANILLA 13.7 OZ,4.39,,CHEVRON EXTRAMILE (4000 SOUTH FIGUEROA),"UBEREATS, LOS ANGELES, CA",,,,,,,
STARBUCKS ENERGY COFFEE 15 OZ CAN,4.15,,CHEVRON EXTRAMILE (4000 SOUTH FIGUEROA),"UBEREATS, LOS ANGELES, CA",,,,,,,
STARBUCKS ENERGY VANILLA 15 OZ CAN,4.15,,CHEVRON EXTRAMILE (4000 SOUTH FIGUEROA),"UBEREATS, LOS ANGELES, CA",,,,,,,
STARBUCKS FRAPPUCCINO COFFEE 13.7 OZ BOTTLE,4.4,,CHEVRON EXTRAMILE (4000 SOUTH FIGUEROA),"UBEREATS, LOS ANGELES, CA",,,,,,,
VITA COCO NATURAL PURE 11.1 OZ,3.9,,CHEVRON EXTRAMILE (4000 SOUTH FIGUEROA),"UBEREATS, LOS ANGELES, CA",,,,,,,
VITAMIN WATER ENERGY 32 OZ,3.7,,CHEVRON EXTRAMILE (4000 SOUTH FIGUEROA),"UBEREATS, LOS ANGELES, CA",,,,,,,
VITAMIN WATER XXX 32 OZ,3.7,,CHEVRON EXTRAMILE (4000 SOUTH FIGUEROA),"UBEREATS, LOS ANGELES, CA",,,,,,,
YOO HOO CHOCOLATE MILK 15.5 OZ,2.19,,CHEVRON EXTRAMILE (4000 SOUTH FIGUEROA),"UBEREATS, LOS ANGELES, CA",,,,,,,
BROWN BAG SANDWHICH CHICKEN SALAD,3.7,,CHEVRON EXTRAMILE (4000 SOUTH FIGUEROA),"UBEREATS, LOS ANGELES, CA",,,,,,,
BROWN BAG SANDWHICH EGG SALAD ON WHEAT,3.7,,CHEVRON EXTRAMILE (4000 SOUTH FIGUEROA),"UBEREATS, LOS ANGELES, CA",,,,,,,
BROWN BAG SANDWHICH THAM & CHEDDAR,3.7,,CHEVRON EXTRAMILE (4000 SOUTH FIGUEROA),"UBEREATS, LOS ANGELES, CA",,,,,,,
BROWN BAG SANDWHICH TUNA SALAD ON WHEAT,3.7,,CHEVRON EXTRAMILE (4000 SOUTH FIGUEROA),"UBEREATS, LOS ANGELES, CA",,,,,,,
BROWN BAG SANDWHICH TURKEY & CHEDDAR,3.7,,CHEVRON EXTRAMILE (4000 SOUTH FIGUEROA),"UBEREATS, LOS ANGELES, CA",,,,,,,
LUNCHABLES HAM AMERICAN CHEESE,4.95,,CHEVRON EXTRAMILE (4000 SOUTH FIGUEROA),"UBEREATS, LOS ANGELES, CA",,,,,,,
LUNCHABLES TURKEY AMERICAN CHEESE,4.95,,CHEVRON EXTRAMILE (4000 SOUTH FIGUEROA),"UBEREATS, LOS ANGELES, CA",,,,,,,
7 LB ICE BAG,3.69,,CHEVRON EXTRAMILE (4000 SOUTH FIGUEROA),"UBEREATS, LOS ANGELES, CA",,,,,,,
ADVIL 4 PC,3.09,,CHEVRON EXTRAMILE (4000 SOUTH FIGUEROA),"UBEREATS, LOS ANGELES, CA",,,,,,,
AIRBOURNE CITRUS 10 CT,12.79,,CHEVRON EXTRAMILE (4000 SOUTH FIGUEROA),"UBEREATS, LOS ANGELES, CA",,,,,,,
ALEVE 2 PC,2.99,,CHEVRON EXTRAMILE (4000 SOUTH FIGUEROA),"UBEREATS, LOS ANGELES, CA",,,,,,,
CHAPSTICK CHERRY .15 OZ,3.19,,CHEVRON EXTRAMILE (4000 SOUTH FIGUEROA),"UBEREATS, LOS ANGELES, CA",,,,,,,
CHAPSTICK REGULAR .15 OZ,3.19,,CHEVRON EXTRAMILE (4000 SOUTH FIGUEROA),"UBEREATS, LOS ANGELES, CA",,,,,,,
CLARITIN NON-DROWSY 1 PC,4.09,,CHEVRON EXTRAMILE (4000 SOUTH FIGUEROA),"UBEREATS, LOS ANGELES, CA",,,,,,,
CLEAR EYES 0.2 OZ,5.2,,CHEVRON EXTRAMILE (4000 SOUTH FIGUEROA),"UBEREATS, LOS ANGELES, CA",,,,,,,
"CONDOMS, TROJAN ENZ",6.59,,CHEVRON EXTRAMILE (4000 SOUTH FIGUEROA),"UBEREATS, LOS ANGELES, CA",,,,,,,
"CONDOMS, TROJAN MAGNUM",6.59,,CHEVRON EXTRAMILE (4000 SOUTH FIGUEROA),"UBEREATS, LOS ANGELES, CA",,,,,,,
"CONDOMS, TROJAN MAGNUM ULTRA THIN",6.59,,CHEVRON EXTRAMILE (4000 SOUTH FIGUEROA),"UBEREATS, LOS ANGELES, CA",,,,,,,
CREST TOOTHPASTE & TOOTH BRUSH,3.59,,CHEVRON EXTRAMILE (4000 SOUTH FIGUEROA),"UBEREATS, LOS ANGELES, CA",,,,,,,
DAYQUIL COLD & FLU 4 PC,4.09,,CHEVRON EXTRAMILE (4000 SOUTH FIGUEROA),"UBEREATS, LOS ANGELES, CA",,,,,,,
EXCEDRIN EXTRA STRENGTH 4 PC,2.85,,CHEVRON EXTRAMILE (4000 SOUTH FIGUEROA),"UBEREATS, LOS ANGELES, CA",,,,,,,
HALLS CHERRY 9 CT,1.99,,CHEVRON EXTRAMILE (4000 SOUTH FIGUEROA),"UBEREATS, LOS ANGELES, CA",,,,,,,
HALLS HONEY LEMON 9 CT,1.99,,CHEVRON EXTRAMILE (4000 SOUTH FIGUEROA),"UBEREATS, LOS ANGELES, CA",,,,,,,
LISTERINE COOL MINT 8.5 Z,6.59,,CHEVRON EXTRAMILE (4000 SOUTH FIGUEROA),"UBEREATS, LOS ANGELES, CA",,,,,,,
MOTRIN 4 PC,2.99,,CHEVRON EXTRAMILE (4000 SOUTH FIGUEROA),"UBEREATS, LOS ANGELES, CA",,,,,,,
NYQUIL COLD & FLU 4 PC,3.49,,CHEVRON EXTRAMILE (4000 SOUTH FIGUEROA),"UBEREATS, LOS ANGELES, CA",,,,,,,
PEPTO BISMOL 4 PC,3.59,,CHEVRON EXTRAMILE (4000 SOUTH FIGUEROA),"UBEREATS, LOS ANGELES, CA",,,,,,,
PEPTO BISMOL MAX STRENGTH 4 OZ,7.8,,CHEVRON EXTRAMILE (4000 SOUTH FIGUEROA),"UBEREATS, LOS ANGELES, CA",,,,,,,
TAMPAX PEARL PLASTIC 8 CT,6.19,,CHEVRON EXTRAMILE (4000 SOUTH FIGUEROA),"UBEREATS, LOS ANGELES, CA",,,,,,,
TUMS EX ROLL SINGLE ASST 8,1.85,,CHEVRON EXTRAMILE (4000 SOUTH FIGUEROA),"UBEREATS, LOS ANGELES, CA",,,,,,,
TYLENOL EXTRA STRENGTH 4 PC,2.99,,CHEVRON EXTRAMILE (4000 SOUTH FIGUEROA),"UBEREATS, LOS ANGELES, CA",,,,,,,
CVP 16 PLASTIC CUPS 20 CT,3.59,,CHEVRON EXTRAMILE (4000 SOUTH FIGUEROA),"UBEREATS, LOS ANGELES, CA",,,,,,,
ENERGIZER AA 4 PK,7.8,,CHEVRON EXTRAMILE (4000 SOUTH FIGUEROA),"UBEREATS, LOS ANGELES, CA",,,,,,,
ENERGIZER AAA 4 OK,7.8,,CHEVRON EXTRAMILE (4000 SOUTH FIGUEROA),"UBEREATS, LOS ANGELES, CA",,,,,,,
FRISKIES SALMON 5.5 OZ,1.7,,CHEVRON EXTRAMILE (4000 SOUTH FIGUEROA),"UBEREATS, LOS ANGELES, CA",,,,,,,
PURINA DOG CHOW REG 4.4 LB,9.29,,CHEVRON EXTRAMILE (4000 SOUTH FIGUEROA),"UBEREATS, LOS ANGELES, CA",,,,,,,
TIDE ORIGINAL LIQUID 10 OZ,4.85,,CHEVRON EXTRAMILE (4000 SOUTH FIGUEROA),"UBEREATS, LOS ANGELES, CA",,,,,,,
HAAGEN-DAZS COFFEE ALMOND CRUNCH BAR 3 OZ,3.85,,CHEVRON EXTRAMILE (4000 SOUTH FIGUEROA),"UBEREATS, LOS ANGELES, CA",,,,,,,
HAAGEN-DAZS VANILLA MILK CHOCOLATE BAR 3 OZ,3.85,,CHEVRON EXTRAMILE (4000 SOUTH FIGUEROA),"UBEREATS, LOS ANGELES, CA",,,,,,,
HELADOS MEXICO BAR STRAWBERRY JUICE BAR 4 OZ,1.99,,CHEVRON EXTRAMILE (4000 SOUTH FIGUEROA),"UBEREATS, LOS ANGELES, CA",,,,,,,
HELADOS MEXICO BUBBLE GUM 4 OZ,1.99,,CHEVRON EXTRAMILE (4000 SOUTH FIGUEROA),"UBEREATS, LOS ANGELES, CA",,,,,,,
HELADOS MEXICO COCONUT CREAM 4 OZ,1.85,,CHEVRON EXTRAMILE (4000 SOUTH FIGUEROA),"UBEREATS, LOS ANGELES, CA",,,,,,,
HELADOS MEXICO COOKIES&CREAM BAR 4 OZ,1.99,,CHEVRON EXTRAMILE (4000 SOUTH FIGUEROA),"UBEREATS, LOS ANGELES, CA",,,,,,,
HELADOS MEXICO LIME BAR 4 OZ,1.99,,CHEVRON EXTRAMILE (4000 SOUTH FIGUEROA),"UBEREATS, LOS ANGELES, CA",,,,,,,
HELADOS MEXICO ROMPOPE CREAM BAR 4.2 OZ,1.99,,CHEVRON EXTRAMILE (4000 SOUTH FIGUEROA),"UBEREATS, LOS ANGELES, CA",,,,,,,
HELADOS MEXICO BUTTER PECAN BAR 4 OZ,1.99,,CHEVRON EXTRAMILE (4000 SOUTH FIGUEROA),"UBEREATS, LOS ANGELES, CA",,,,,,,
HELADOS MEXICO MANGO CREAM 4 OZ,1.85,,CHEVRON EXTRAMILE (4000 SOUTH FIGUEROA),"UBEREATS, LOS ANGELES, CA",,,,,,,
HELADOS MEXICO STRAWBERRY CREAM 4 OZ,1.85,,CHEVRON EXTRAMILE (4000 SOUTH FIGUEROA),"UBEREATS, LOS ANGELES, CA",,,,,,,
NESTLE ICE CREAM SANDWHICH VANILLA 6 OZ,2.1,,CHEVRON EXTRAMILE (4000 SOUTH FIGUEROA),"UBEREATS, LOS ANGELES, CA",,,,,,,
NESTLE WONKA PUSH UP 2.75 OZ,1.49,,CHEVRON EXTRAMILE (4000 SOUTH FIGUEROA),"UBEREATS, LOS ANGELES, CA",,,,,,,
HAAGEN DAZS VANILLA MILK CHOCOLATE ALMONDS 3 OZ,3.69,,CHEVRON EXTRAMILE (4000 SOUTH FIGUEROA),"UBEREATS, LOS ANGELES, CA",,,,,,,
NESTLE CRUNCH ICE CREAM BAR 3 OZ,2.1,,CHEVRON EXTRAMILE (4000 SOUTH FIGUEROA),"UBEREATS, LOS ANGELES, CA",,,,,,,
NESTLE DIBS NESTLE CRUNCH,3.69,,CHEVRON EXTRAMILE (4000 SOUTH FIGUEROA),"UBEREATS, LOS ANGELES, CA",,,,,,,
NESTLE DRUMSTICK TRIPPLE CHOCOLATE 7 OZ,3.69,,CHEVRON EXTRAMILE (4000 SOUTH FIGUEROA),"UBEREATS, LOS ANGELES, CA",,,,,,,
NESTLE DRUMSTICK VANILLA/ CHOCOLATE 7 OZ,3.69,,CHEVRON EXTRAMILE (4000 SOUTH FIGUEROA),"UBEREATS, LOS ANGELES, CA",,,,,,,
SNICKERS ICE CREAM BAR 2.8 OZ,2.75,,CHEVRON EXTRAMILE (4000 SOUTH FIGUEROA),"UBEREATS, LOS ANGELES, CA",,,,,,,
TOLLHOUSE ICE CREAM SANDWICH,3.85,,CHEVRON EXTRAMILE (4000 SOUTH FIGUEROA),"UBEREATS, LOS ANGELES, CA",,,,,,,
TWIX ICE CREAM BAR 2.1 OZ,2.75,,CHEVRON EXTRAMILE (4000 SOUTH FIGUEROA),"UBEREATS, LOS ANGELES, CA",,,,,,,
PUGS AUDIO CABLE FABRIC 3.5MM,16.15,,CHEVRON EXTRAMILE (4000 SOUTH FIGUEROA),"UBEREATS, LOS ANGELES, CA",,,,,,,
PUGS BLACK EARBUDS W/MIC,21.09,,CHEVRON EXTRAMILE (4000 SOUTH FIGUEROA),"UBEREATS, LOS ANGELES, CA",,,,,,,
PUGS LIGHTNING CABLE .9FT,37.19,,CHEVRON EXTRAMILE (4000 SOUTH FIGUEROA),"UBEREATS, LOS ANGELES, CA",,,,,,,
PUGS TYPE C USB CABLE 3FT,24.79,,CHEVRON EXTRAMILE (4000 SOUTH FIGUEROA),"UBEREATS, LOS ANGELES, CA",,,,,,,
BON APPETITE APPLE TURNOVER 5 OZ,2.75,,CHEVRON EXTRAMILE (4000 SOUTH FIGUEROA),"UBEREATS, LOS ANGELES, CA",,,,,,,
BON APPETITE BANANA NUT CAKE 4 OZ,2.75,,CHEVRON EXTRAMILE (4000 SOUTH FIGUEROA),"UBEREATS, LOS ANGELES, CA",,,,,,,
BON APPETITE BEAR CLAW DANISH 5 OZ,2.75,,CHEVRON EXTRAMILE (4000 SOUTH FIGUEROA),"UBEREATS, LOS ANGELES, CA",,,,,,,
BON APPETITE BERRY CHEESE DANISH 5 OZ,2.75,,CHEVRON EXTRAMILE (4000 SOUTH FIGUEROA),"UBEREATS, LOS ANGELES, CA",,,,,,,
CHESTER'S HOT FRIES 3.62 OZ,2.35,,CHEVRON EXTRAMILE (4000 SOUTH FIGUEROA),"UBEREATS, LOS ANGELES, CA",,,,,,,
CHIPS AHOY 3 OZ,2.25,,CHEVRON EXTRAMILE (4000 SOUTH FIGUEROA),"UBEREATS, LOS ANGELES, CA",,,,,,,
CLASSIC LAYS CHIPS 2.75 OZ,2.35,,CHEVRON EXTRAMILE (4000 SOUTH FIGUEROA),"UBEREATS, LOS ANGELES, CA",,,,,,,
CLIF BAR CHOCOLATE BROWNIE 2.4 OZ,2.85,,CHEVRON EXTRAMILE (4000 SOUTH FIGUEROA),"UBEREATS, LOS ANGELES, CA",,,,,,,
CLIF BAR CRUNCHY PEANUT BUTTER 2.4 OZ,2.85,,CHEVRON EXTRAMILE (4000 SOUTH FIGUEROA),"UBEREATS, LOS ANGELES, CA",,,,,,,
CLIF BAR WHITE CHOCOLATE MACADAMIA 2.4 OZ,2.85,,CHEVRON EXTRAMILE (4000 SOUTH FIGUEROA),"UBEREATS, LOS ANGELES, CA",,,,,,,
CLIF BUILDER'S CHOCOLATE MINT 2.4 OZ,3.45,,CHEVRON EXTRAMILE (4000 SOUTH FIGUEROA),"UBEREATS, LOS ANGELES, CA",,,,,,,
DORITOS NACHO 9.75 OZ,5.35,,CHEVRON EXTRAMILE (4000 SOUTH FIGUEROA),"UBEREATS, LOS ANGELES, CA",,,,,,,
EXTRAMILE CINNAMON SUGAR DONUTS 4 OZ,2.75,,CHEVRON EXTRAMILE (4000 SOUTH FIGUEROA),"UBEREATS, LOS ANGELES, CA",,,,,,,
EXTRAMILE CRUNCH CRUMB DONUTS 4.5 OZ,2.75,,CHEVRON EXTRAMILE (4000 SOUTH FIGUEROA),"UBEREATS, LOS ANGELES, CA",,,,,,,
EXTRAMILE FROSTED CHOCOLATE DONUTS 4 OZ,2.75,,CHEVRON EXTRAMILE (4000 SOUTH FIGUEROA),"UBEREATS, LOS ANGELES, CA",,,,,,,
EXTRAMILE ORIGINAL BEEF JERKY 4 OZ,9.05,,CHEVRON EXTRAMILE (4000 SOUTH FIGUEROA),"UBEREATS, LOS ANGELES, CA",,,,,,,
EXTRAMILE PEPPER BEEF JERKY 4 OZ,9.05,,CHEVRON EXTRAMILE (4000 SOUTH FIGUEROA),"UBEREATS, LOS ANGELES, CA",,,,,,,
EXTRAMILE POWDERED SUGAR DONUTS 4 OZ,2.75,,CHEVRON EXTRAMILE (4000 SOUTH FIGUEROA),"UBEREATS, LOS ANGELES, CA",,,,,,,
FLAMING HOT CHEETOS 3.5 OZ,2.35,,CHEVRON EXTRAMILE (4000 SOUTH FIGUEROA),"UBEREATS, LOS ANGELES, CA",,,,,,,
FLAMING HOT CHEETOS LIMON 3.5 OZ,2.35,,CHEVRON EXTRAMILE (4000 SOUTH FIGUEROA),"UBEREATS, LOS ANGELES, CA",,,,,,,
HOSTESS CHOCOLATE DONUTS 3 OZ,2.85,,CHEVRON EXTRAMILE (4000 SOUTH FIGUEROA),"UBEREATS, LOS ANGELES, CA",,,,,,,
MET-RX CHOCOLATE CHIP 3.5 OZ,4.45,,CHEVRON EXTRAMILE (4000 SOUTH FIGUEROA),"UBEREATS, LOS ANGELES, CA",,,,,,,
NACHO CHEESE DORITOS 3.12 OZ,2.35,,CHEVRON EXTRAMILE (4000 SOUTH FIGUEROA),"UBEREATS, LOS ANGELES, CA",,,,,,,
NATURE VALLEY CRUNCY GRANOLA BAR OATS'N HONEY 1.5 OZ,1.85,,CHEVRON EXTRAMILE (4000 SOUTH FIGUEROA),"UBEREATS, LOS ANGELES, CA",,,,,,,
NATURE VALLEY SWEET & SALTY PEANUT GRONOLA 1.20 OZ,1.85,,CHEVRON EXTRAMILE (4000 SOUTH FIGUEROA),"UBEREATS, LOS ANGELES, CA",,,,,,,
OLD TRAPPER OLD FASHIONED BEEF JERKY 10 OZ,18.85,,CHEVRON EXTRAMILE (4000 SOUTH FIGUEROA),"UBEREATS, LOS ANGELES, CA",,,,,,,
OLD TRAPPER PEPPERED BEEF JERKY 10 OZ,18.85,,CHEVRON EXTRAMILE (4000 SOUTH FIGUEROA),"UBEREATS, LOS ANGELES, CA",,,,,,,
OREO COOKIES 2.4 OZ,1.6,,CHEVRON EXTRAMILE (4000 SOUTH FIGUEROA),"UBEREATS, LOS ANGELES, CA",,,,,,,
OREO MINI 3 OZ,2.25,,CHEVRON EXTRAMILE (4000 SOUTH FIGUEROA),"UBEREATS, LOS ANGELES, CA",,,,,,,
ORIGINAL PRINGLES 5.2 OZ,3.99,,CHEVRON EXTRAMILE (4000 SOUTH FIGUEROA),"UBEREATS, LOS ANGELES, CA",,,,,,,
QUEST PROTEIN COOKIE CHOCOLATE CHIP COOKIE DOUGH 2.12 OZ,4.35,,CHEVRON EXTRAMILE (4000 SOUTH FIGUEROA),"UBEREATS, LOS ANGELES, CA",,,,,,,
QUEST PROTEIN COOKIES & CREAM 2.12 OZ,4.35,,CHEVRON EXTRAMILE (4000 SOUTH FIGUEROA),"UBEREATS, LOS ANGELES, CA",,,,,,,
ROLD GOLD BREADED PRETZELS 10 OZ,3.25,,CHEVRON EXTRAMILE (4000 SOUTH FIGUEROA),"UBEREATS, LOS ANGELES, CA",,,,,,,
SKINNY POP ORIGINAL 1 OZ,2.35,,CHEVRON EXTRAMILE (4000 SOUTH FIGUEROA),"UBEREATS, LOS ANGELES, CA",,,,,,,
SKINNY POP WHITE CHEDDAR 1 OZ,2.35,,CHEVRON EXTRAMILE (4000 SOUTH FIGUEROA),"UBEREATS, LOS ANGELES, CA",,,,,,,
SOUR CREAM AND CHEDDAR RUFFLES 2.62 OZ,2.35,,CHEVRON EXTRAMILE (4000 SOUTH FIGUEROA),"UBEREATS, LOS ANGELES, CA",,,,,,,
SPITZ CRACKED PEPPER SUNFLOWER SEEDS 6 OZ,2.59,,CHEVRON EXTRAMILE (4000 SOUTH FIGUEROA),"UBEREATS, LOS ANGELES, CA",,,,,,,
CHEETOS XXTRA FLAMING HOT 3.5 OZ,2.35,,CHEVRON EXTRAMILE (4000 SOUTH FIGUEROA),"UBEREATS, LOS ANGELES, CA",,,,,,,
CHEETOS JUMBO PUFFS 3 OZ,2.35,,CHEVRON EXTRAMILE (4000 SOUTH FIGUEROA),"UBEREATS, LOS ANGELES, CA",,,,,,,
CHEETOS FLAMING JUMBO PUFFS 3 OZ,2.35,,CHEVRON EXTRAMILE (4000 SOUTH FIGUEROA),"UBEREATS, LOS ANGELES, CA",,,,,,,
CHEETOS CHEDDAR JALAPENO 3.25 OZ,2.35,,CHEVRON EXTRAMILE (4000 SOUTH FIGUEROA),"UBEREATS, LOS ANGELES, CA",,,,,,,
FUNYUNS HOT 2.12 OZ,2.35,,CHEVRON EXTRAMILE (4000 SOUTH FIGUEROA),"UBEREATS, LOS ANGELES, CA",,,,,,,
FUNYUNS REGULAR 2.12 OZ,2.35,,CHEVRON EXTRAMILE (4000 SOUTH FIGUEROA),"UBEREATS, LOS ANGELES, CA",,,,,,,
BAKENETS HOT 3 OZ,2.85,,CHEVRON EXTRAMILE (4000 SOUTH FIGUEROA),"UBEREATS, LOS ANGELES, CA",,,,,,,
NONG SHIM HOT & SPICY NOODLE BOWL SOUP 3 OZ,2.49,,CHEVRON EXTRAMILE (4000 SOUTH FIGUEROA),"UBEREATS, LOS ANGELES, CA",,,,,,,
SHIN BOWL HOT & SPICY NOODLE SOUP BOWL 3.03 OZ,2.49,,CHEVRON EXTRAMILE (4000 SOUTH FIGUEROA),"UBEREATS, LOS ANGELES, CA",,,,,,,
SHIN BOWL SPICY CHICKEN NOODLE SOUP BOWL 3.03 OZ,2.49,,CHEVRON EXTRAMILE (4000 SOUTH FIGUEROA),"UBEREATS, LOS ANGELES, CA",,,,,,,
SOUPER MEAL BEEF FLAVOR RAMEN NOODLES 4.3 OZ,2.49,,CHEVRON EXTRAMILE (4000 SOUTH FIGUEROA),"UBEREATS, LOS ANGELES, CA",,,,,,,
