name,price_usd,calories,restaurant_name,identifier,sugars_g,cholesterol_mg,protein_g,fiber_g,fat_g,carbohydrates_g,sodium_mg
BEEF HOT POT KIT (COOK AT HOME),59.98,,UNIBOIL (N ATLANTIC BLVD),"UBEREATS, LOS ANGELES, CA",,,,,,,
LAMB HOT POT KIT (COOK AT HOME),59.98,,UNIBOIL (N ATLANTIC BLVD),"UBEREATS, LOS ANGELES, CA",,,,,,,
PORK HOT POT KIT (COOK AT HOME),59.98,,UNIBOIL (N ATLANTIC BLVD),"UBEREATS, LOS ANGELES, CA",,,,,,,
KOREAN ARMY HOT POT KIT (COOK AT HOME),59.98,,UNIBOIL (N ATLANTIC BLVD),"UBEREATS, LOS ANGELES, CA",,,,,,,
SEAFOOD HOT POT KIT (COOK AT HOME),59.98,,UNIBOIL (N ATLANTIC BLVD),"UBEREATS, LOS ANGELES, CA",,,,,,,
VEGGIE HOT POT KIT (COOK AT HOME),45.98,,UNIBOIL (N ATLANTIC BLVD),"UBEREATS, LOS ANGELES, CA",,,,,,,
SOUP BASE,6.98,,UNIBOIL (N ATLANTIC BLVD),"UBEREATS, LOS ANGELES, CA",,,,,,,
STOVE+POT+FUEL,25.0,,UNIBOIL (N ATLANTIC BLVD),"UBEREATS, LOS ANGELES, CA",,,,,,,
FUEL (2HRS),3.98,,UNIBOIL (N ATLANTIC BLVD),"UBEREATS, LOS ANGELES, CA",,,,,,,
CERTIFIED ANGUS BEEF SLICE (1LB),9.58,,UNIBOIL (N ATLANTIC BLVD),"UBEREATS, LOS ANGELES, CA",,,,,,,
NEW ZEALAND GRASS FED LAMB SHOULDER SLICE (1LB),9.58,,UNIBOIL (N ATLANTIC BLVD),"UBEREATS, LOS ANGELES, CA",,,,,,,
KUROBUTA PORK SLICE (1LB),9.58,,UNIBOIL (N ATLANTIC BLVD),"UBEREATS, LOS ANGELES, CA",,,,,,,
CHICKEN NUGGET/ SLICE (1LB),6.58,,UNIBOIL (N ATLANTIC BLVD),"UBEREATS, LOS ANGELES, CA",,,,,,,
TILAPIA (RAW),6.58,,UNIBOIL (N ATLANTIC BLVD),"UBEREATS, LOS ANGELES, CA",,,,,,,
SELECTED ASSORTED MEAT BALL/ FISH BALL PLATE (RAW),14.99,,UNIBOIL (N ATLANTIC BLVD),"UBEREATS, LOS ANGELES, CA",,,,,,,
UNIVERSAL SEAFOOD PLATE (RAW),14.99,,UNIBOIL (N ATLANTIC BLVD),"UBEREATS, LOS ANGELES, CA",,,,,,,
KOREAN ARMY STEW INGREDIENTS PLATE (RAW),14.99,,UNIBOIL (N ATLANTIC BLVD),"UBEREATS, LOS ANGELES, CA",,,,,,,
DIPPING SAUCE (4 IN 1 SET),1.0,,UNIBOIL (N ATLANTIC BLVD),"UBEREATS, LOS ANGELES, CA",,,,,,,
CERTIFED ANGUS BEEF HOT SOUP,17.99,,UNIBOIL (N ATLANTIC BLVD),"UBEREATS, LOS ANGELES, CA",,,,,,,
NEW ZEALAND NATURAL FEED LAMB SHOULDER HOT SOUP,17.99,,UNIBOIL (N ATLANTIC BLVD),"UBEREATS, LOS ANGELES, CA",,,,,,,
KUROBUTA PORK HOT SOUP,16.99,,UNIBOIL (N ATLANTIC BLVD),"UBEREATS, LOS ANGELES, CA",,,,,,,
UNIVERSAL SEAFOOD HOT SOUP,18.99,,UNIBOIL (N ATLANTIC BLVD),"UBEREATS, LOS ANGELES, CA",,,,,,,
VEGGIE LOVER HOT SOUP,14.99,,UNIBOIL (N ATLANTIC BLVD),"UBEREATS, LOS ANGELES, CA",,,,,,,
KOREAN ARMY STEW SOUP,18.99,,UNIBOIL (N ATLANTIC BLVD),"UBEREATS, LOS ANGELES, CA",,,,,,,
SUKIYAKI HOT SOUP,16.99,,UNIBOIL (N ATLANTIC BLVD),"UBEREATS, LOS ANGELES, CA",,,,,,,
FRENCH FRIES,4.95,,UNIBOIL (N ATLANTIC BLVD),"UBEREATS, LOS ANGELES, CA",,,,,,,
POPCORN CHICKEN,5.95,,UNIBOIL (N ATLANTIC BLVD),"UBEREATS, LOS ANGELES, CA",,,,,,,
FRIED CHICKEN WING (5),5.95,,UNIBOIL (N ATLANTIC BLVD),"UBEREATS, LOS ANGELES, CA",,,,,,,
FRIED SQUID BALLS (8),4.95,,UNIBOIL (N ATLANTIC BLVD),"UBEREATS, LOS ANGELES, CA",,,,,,,
FRIED POPPING FISH BALL (6),5.95,,UNIBOIL (N ATLANTIC BLVD),"UBEREATS, LOS ANGELES, CA",,,,,,,
FRIED FISH FINGERS (6),5.95,,UNIBOIL (N ATLANTIC BLVD),"UBEREATS, LOS ANGELES, CA",,,,,,,
FRIED SHRIMPS (6),5.95,,UNIBOIL (N ATLANTIC BLVD),"UBEREATS, LOS ANGELES, CA",,,,,,,
FRIED OYSTERS (6),6.95,,UNIBOIL (N ATLANTIC BLVD),"UBEREATS, LOS ANGELES, CA",,,,,,,
SEAWEED SALAD,4.99,,UNIBOIL (N ATLANTIC BLVD),"UBEREATS, LOS ANGELES, CA",,,,,,,
ROYAL MILK TEA,3.5,,UNIBOIL (N ATLANTIC BLVD),"UBEREATS, LOS ANGELES, CA",,,,,,,
BOBA LITE MILK TEA (24 OZ),5.75,,UNIBOIL (N ATLANTIC BLVD),"UBEREATS, LOS ANGELES, CA",,,,,,,
LYCHEE JELLY MILK TEA,3.75,,UNIBOIL (N ATLANTIC BLVD),"UBEREATS, LOS ANGELES, CA",,,,,,,
UBE MILK TEA,5.25,,UNIBOIL (N ATLANTIC BLVD),"UBEREATS, LOS ANGELES, CA",,,,,,,
THAI TEA (24 OZ),5.25,,UNIBOIL (N ATLANTIC BLVD),"UBEREATS, LOS ANGELES, CA",,,,,,,
HOKKAIDO MILK TEA,3.75,,UNIBOIL (N ATLANTIC BLVD),"UBEREATS, LOS ANGELES, CA",,,,,,,
PASSION FRUIT GREEN TEA (24 OZ),5.25,,UNIBOIL (N ATLANTIC BLVD),"UBEREATS, LOS ANGELES, CA",,,,,,,
GRAPEFRUIT GREEN TEA (24 OZ),5.75,,UNIBOIL (N ATLANTIC BLVD),"UBEREATS, LOS ANGELES, CA",,,,,,,
MANGO GREEN TEA (24 OZ),5.25,,UNIBOIL (N ATLANTIC BLVD),"UBEREATS, LOS ANGELES, CA",,,,,,,
STRAWBERRY SMOOTHIE,4.25,,UNIBOIL (N ATLANTIC BLVD),"UBEREATS, LOS ANGELES, CA",,,,,,,
UTENSILS (1 SET),0.5,,UNIBOIL (N ATLANTIC BLVD),"UBEREATS, LOS ANGELES, CA",,,,,,,
ONE TIME FACE MASK (50),18.0,,UNIBOIL (N ATLANTIC BLVD),"UBEREATS, LOS ANGELES, CA",,,,,,,
ONE TIME BLACK FACE MASK (50PCS),20.0,,UNIBOIL (N ATLANTIC BLVD),"UBEREATS, LOS ANGELES, CA",,,,,,,
