name,price_usd,calories,restaurant_name,identifier,sugars_g,cholesterol_mg,protein_g,fiber_g,fat_g,carbohydrates_g,sodium_mg
SEVEN WINGS,11.75,,ANGELINO’S BURGERS/PIZZA,"UBEREATS, LOS ANGELES, CA",,,,,,,
CREATE YOUR OWN PIZZA,12.95,,ANGELINO’S BURGERS/PIZZA,"UBEREATS, LOS ANGELES, CA",,,,,,,
GARLIC KNOTS,9.95,,ANGELINO’S BURGERS/PIZZA,"UBEREATS, LOS ANGELES, CA",,,,,,,
"CRAZY CHEESE STICKS----GARLIC SAUCE, MOZZARELLA CHEESE, AND BACON.",11.99,,ANGELINO’S BURGERS/PIZZA,"UBEREATS, LOS ANGELES, CA",,,,,,,
"RICOTTA PIZZA-----MOZZARELLA, RICOTTA CHEESE, GARLIC SAUCE, CILANTRO, AND GOLDEN BARBECUE.",13.99,,ANGELINO’S BURGERS/PIZZA,"UBEREATS, LOS ANGELES, CA",,,,,,,
"EGGPLANT PIZZA------EGGPLANT, RICOTTA CHEESE, PIZZA SAUCE, AND MOZZARELLA.",13.99,,ANGELINO’S BURGERS/PIZZA,"UBEREATS, LOS ANGELES, CA",,,,,,,
"DELUXE MARGARITA PIZZA-----BLACK OLIVES, MUSHROOMS, TOMATOES, BASIL, PIZZA SAUCE, AND MOZZARELLA CHEESE.",13.99,,ANGELINO’S BURGERS/PIZZA,"UBEREATS, LOS ANGELES, CA",,,,,,,
"BROCCOLI PIZZA-----BROCCOLI, MOZZARELLA CHEESE, AND RANCH ON TOP.",13.99,,ANGELINO’S BURGERS/PIZZA,"UBEREATS, LOS ANGELES, CA",,,,,,,
"RAINBOW PIZZA-----PINEAPPLE, GREEN PEPPER, TOMATOES, AND RED ONIONS.",13.99,,ANGELINO’S BURGERS/PIZZA,"UBEREATS, LOS ANGELES, CA",,,,,,,
"SHRIMP PIZZA-----SHRIMP, CILANTRO, MOZZARELLA CHEESE, AND GARLIC SAUCE.",13.99,,ANGELINO’S BURGERS/PIZZA,"UBEREATS, LOS ANGELES, CA",,,,,,,
"SWEET AND SPICY PIZZA------PEPPERONI, PINEAPPLE, JALAPENOS, PIZZA SAUCE, AND MOZZARELLA CHEESE.",13.99,,ANGELINO’S BURGERS/PIZZA,"UBEREATS, LOS ANGELES, CA",,,,,,,
"STEAK PIZZA-----STEAK, GREEN PEPPER, BBQ SAUCE ON TOP, MOZZARELLA CHEESE, AND FETA CHEESE.",13.99,,ANGELINO’S BURGERS/PIZZA,"UBEREATS, LOS ANGELES, CA",,,,,,,
"CLASSIC BURGER (8 OZ)====GROUND BEEF PARTY, BRIOCHE BUN, GARLIC AIOLI, LETTUCE, ONIONS, TOMATOES, AND THE BURGER COMES WELL DONE.",13.75,,ANGELINO’S BURGERS/PIZZA,"UBEREATS, LOS ANGELES, CA",,,,,,,
"CHEESE BURGER (8 OZ)>>>>HOUSE GROUND BEEF PARTY, PROVOLONE CHEESE, BRIOCHE BUN, GARLIC AIOLI, LETTUCE, ONIONS, TOMATOES, AND BURGERS COME WELL DONE.",15.75,,ANGELINO’S BURGERS/PIZZA,"UBEREATS, LOS ANGELES, CA",,,,,,,
"HAWAIIAN BBQ (8 OZ)>>>>HOUSE GROUND BEEF PARTY, PINEAPPLE, BBQ SAUCE, AND BRIOCHE BUN.",15.5,,ANGELINO’S BURGERS/PIZZA,"UBEREATS, LOS ANGELES, CA",,,,,,,
"BURGER PESTO (8 OZ)>>>>GROUND BEEF PATTY, FRESH MOZZARELLA, ARUGULA, PESTO SAUCE, AND THE BURGER COMES WELL DONE.",15.95,,ANGELINO’S BURGERS/PIZZA,"UBEREATS, LOS ANGELES, CA",,,,,,,
"HOUSE BURGER (8 OZ)>>>>GROUND BEEF PATTY, FRESH MOZZARELLA, ARUGULA, PESTO SAUCE, AND THE BURGER COMES WELL DONE.",15.99,,ANGELINO’S BURGERS/PIZZA,"UBEREATS, LOS ANGELES, CA",,,,,,,
SHRIMP ALFREDO PASTA,20.99,,ANGELINO’S BURGERS/PIZZA,"UBEREATS, LOS ANGELES, CA",,,,,,,
CHICKEN PESTO PASTA,15.75,,ANGELINO’S BURGERS/PIZZA,"UBEREATS, LOS ANGELES, CA",,,,,,,
SPAGHETTI MEAT SAUCE PASTA,15.75,,ANGELINO’S BURGERS/PIZZA,"UBEREATS, LOS ANGELES, CA",,,,,,,
MEAT LASAGNA PASTA,15.75,,ANGELINO’S BURGERS/PIZZA,"UBEREATS, LOS ANGELES, CA",,,,,,,
MEAT RAVIOLI PASTA,15.99,,ANGELINO’S BURGERS/PIZZA,"UBEREATS, LOS ANGELES, CA",,,,,,,
CHEESE RAVIOLI PASTA,15.99,,ANGELINO’S BURGERS/PIZZA,"UBEREATS, LOS ANGELES, CA",,,,,,,
"PRIMAVERA PASTA>>>BROCCOLI, TOMATOES, BELL PEPPER, RED ONION, AND OIL OLIVE PENNE PASTA.",16.95,,ANGELINO’S BURGERS/PIZZA,"UBEREATS, LOS ANGELES, CA",,,,,,,
"CHICKEN AVOCADO SALAD-----CHICKEN, AVOCADO, SPINACH, TOMATOES, AND BALSAMIC DRESSING.",13.95,,ANGELINO’S BURGERS/PIZZA,"UBEREATS, LOS ANGELES, CA",,,,,,,
CAESAR SALAD,10.99,,ANGELINO’S BURGERS/PIZZA,"UBEREATS, LOS ANGELES, CA",,,,,,,
CHICKEN TENDERS (6 PCS),12.95,,ANGELINO’S BURGERS/PIZZA,"UBEREATS, LOS ANGELES, CA",,,,,,,
BBQ CHICKEN TENDERS (6 PCS),12.95,,ANGELINO’S BURGERS/PIZZA,"UBEREATS, LOS ANGELES, CA",,,,,,,
GARLIC BREAD,2.45,,ANGELINO’S BURGERS/PIZZA,"UBEREATS, LOS ANGELES, CA",,,,,,,
PEPPERONI SLICE,9.5,,ANGELINO’S BURGERS/PIZZA,"UBEREATS, LOS ANGELES, CA",,,,,,,
CHICKEN PESTO WRAP,13.75,,ANGELINO’S BURGERS/PIZZA,"UBEREATS, LOS ANGELES, CA",,,,,,,
RANCH,1.0,,ANGELINO’S BURGERS/PIZZA,"UBEREATS, LOS ANGELES, CA",,,,,,,
BLUE CHEESE,1.0,,ANGELINO’S BURGERS/PIZZA,"UBEREATS, LOS ANGELES, CA",,,,,,,
MARINARA,1.0,,ANGELINO’S BURGERS/PIZZA,"UBEREATS, LOS ANGELES, CA",,,,,,,
BUFFALO SAUCE,1.0,,ANGELINO’S BURGERS/PIZZA,"UBEREATS, LOS ANGELES, CA",,,,,,,
BBQ SAUCE,1.0,,ANGELINO’S BURGERS/PIZZA,"UBEREATS, LOS ANGELES, CA",,,,,,,
PESTO SAUCE,1.0,,ANGELINO’S BURGERS/PIZZA,"UBEREATS, LOS ANGELES, CA",,,,,,,
HONEY MUSTARD,1.0,,ANGELINO’S BURGERS/PIZZA,"UBEREATS, LOS ANGELES, CA",,,,,,,
PARMESAN CHEESE,1.0,,ANGELINO’S BURGERS/PIZZA,"UBEREATS, LOS ANGELES, CA",,,,,,,
CRUSH RED PEPPER,1.0,,ANGELINO’S BURGERS/PIZZA,"UBEREATS, LOS ANGELES, CA",,,,,,,
CANS,2.5,,ANGELINO’S BURGERS/PIZZA,"UBEREATS, LOS ANGELES, CA",,,,,,,
BOTTLED WATER,2.5,,ANGELINO’S BURGERS/PIZZA,"UBEREATS, LOS ANGELES, CA",,,,,,,
MEXICAN GLASS,3.0,,ANGELINO’S BURGERS/PIZZA,"UBEREATS, LOS ANGELES, CA",,,,,,,
